{"content":[{"id":"5d464376","settings":{"structure":"20","column_position":"stretch","custom_height":{"unit":"vh","size":"","sizes":[]},"background_background":"gradient","padding":{"unit":"px","top":"0","right":"0","bottom":"0","left":"0","isLinked":false},"height":"min-height","custom_height_tablet":{"unit":"vh","size":"","sizes":[]},"custom_height_mobile":{"unit":"vh","size":"","sizes":[]},"content_width":{"unit":"px","size":1100,"sizes":[]},"background_color_stop":{"unit":"%","size":50,"sizes":[]},"background_color_b_stop":{"unit":"%","size":50,"sizes":[]},"background_gradient_angle":{"unit":"deg","size":90,"sizes":[]},"__globals__":{"background_color":"globals\/colors?id=c762090","background_color_b":"globals\/colors?id=2f06e8b"}},"elements":[{"id":"41ec8740","settings":{"_column_size":50,"_inline_size":58,"margin":{"unit":"%","top":"0","right":"0","bottom":"0","left":"0","isLinked":false},"padding":{"unit":"px","top":"56","right":"66","bottom":"0","left":"0","isLinked":false},"margin_tablet":{"unit":"px","top":"0","right":"0","bottom":"0","left":"0","isLinked":false},"padding_tablet":{"unit":"px","top":"24","right":"28","bottom":"12","left":"28","isLinked":false},"padding_mobile":{"unit":"px","top":"28","right":"0","bottom":"20","left":"0","isLinked":false},"space_between_widgets_mobile":0,"border_width":{"unit":"px","top":"0","right":"1","bottom":"0","left":"0","isLinked":false},"border_color":"#E1E1E1","background_background":"classic","__globals__":{"background_color":"globals\/colors?id=c762090"},"border_border":"solid","_inline_size_tablet":100},"elements":[{"id":"a23dfe9","settings":{"text":"Tilbage","link":{"url":"https:\/\/npc-eksamen.dk\/","is_external":"","nofollow":"","custom_attributes":""},"selected_icon":{"value":"fas fa-long-arrow-alt-left","library":"fa-solid"},"icon_indent":{"unit":"px","size":8,"sizes":[]},"typography_typography":"custom","typography_font_family":"Glober True","typography_font_weight":"500","background_color":"#99D5CF00","button_background_hover_color":"#02010100","text_padding":{"unit":"px","top":"0","right":"0","bottom":"0","left":"0","isLinked":false},"_margin":{"unit":"px","top":"0","right":"0","bottom":"45","left":"0","isLinked":false},"_element_width":"initial","_element_custom_width":{"unit":"%","size":51.839},"_flex_align_self":"flex-end","_flex_size":"none","__globals__":{"button_text_color":"globals\/colors?id=6c69d2d"}},"elements":[],"isInner":false,"widgetType":"button","elType":"widget"},{"id":"a1255a6","settings":{"image":{"url":"https:\/\/npc-eksamen.dk\/wp-content\/uploads\/2024\/12\/462552343_555046634141776_4591134266737153548_n-1.png","id":83,"source":"library","size":"","alt":""},"image_size":"full","align":"right","space":{"unit":"px","size":127,"sizes":[]},"space_tablet":{"unit":"px","size":"","sizes":[]},"space_mobile":{"unit":"px","size":"","sizes":[]},"_margin":{"unit":"px","top":"0","right":"0","bottom":"50","left":"0","isLinked":false},"_margin_mobile":{"unit":"px","top":"0","right":"0","bottom":"0","left":"0","isLinked":true},"link_to":"custom","link":{"url":"https:\/\/npc-eksamen.dk\/","is_external":"","nofollow":"","custom_attributes":""},"_element_width":"initial","_element_custom_width":{"unit":"%","size":48.161},"_flex_size":"none"},"elements":[],"isInner":false,"widgetType":"image","elType":"widget"},{"id":"d3670a3","elType":"widget","settings":{"step_0_bredcrumb":"Information","step_0_progress_bar":"Step 1","step_0_heading":"Levering ","step_0_subheading":"","step_1_bredcrumb":"Payment","step_1_progress_bar":"Step 2","step_1_heading":"Leveringsform","step_1_subheading":"","step_2_bredcrumb":"Payment","step_2_progress_bar":"Step 3","step_2_heading":"Betaling","step_2_subheading":"","step_cart_progress_bar_link":"Warenkorb","step_cart_bredcrumb_link":"Warenkorb","wfacp_payment_method_heading_text":"Betalingsinformation","wfacp_payment_method_subheading":"","wfacp_payment_button_1_text":"Videre til leveringform","wfacp_payment_button_2_text":"Videre til betaling","wfacp_payment_place_order_text":"Betal nu","return_to_cart_text":"\u00ab Return to Cart","payment_button_back_2_text":"Tilbage til levering","payment_button_back_3_text":"Tilbage til leveringsform","text_below_placeorder_btn":"","cart_collapse_title":"Show Order Summary","cart_expanded_title":"Hide Order Summary","collapse_coupon_button_text":"Anvend","form_coupon_button_text":"Anvend","wfacp_elementor_3_shipping_postcode_field":"wfacp-col-left-half","wfacp_elementor_3_shipping_country_field":"wfacp-col-full","wfacp_elementor_3_billing_postcode_field":"wfacp-col-left-half","wfacp_elementor_3_billing_country_field":"wfacp-col-full","enable_callapse_order_summary":"","wfacp_make_button_sticky_on_mobile":"","__globals__":{"wfacp_form_payment_button_typo_typography":"","wfacp_button_bg_color":"globals\/colors?id=88aa344","wfacp_button_bg_hover_color":"globals\/colors?id=52b0a28","step_back_link_color":"","step_back_link_hover_color":"","wfacp_form_fields_label_typo_typography":"globals\/typography?id=text","wfacp_form_fields_label_color":"","wfacp_form_fields_input_color":"","wfacp_form_fields_input_typo_typography":"","section_heading_typo_typography":"","form_heading_color":"","tab_heading_typography_typography":"","active_step_count_bg_color":"globals\/colors?id=88aa344","active_tab_border_bottom_color":"globals\/colors?id=50c0236","order_coupon_coupon_typography_typography":"","wfacp_form_fields_focus_color":"globals\/colors?id=88aa344","order_coupon_focus_color":"globals\/colors?id=88aa344","active_step_text_color":"globals\/colors?id=text","inactive_step_text_color":"","wfacp_form_fields_validation_color":"","order_coupon_coupon_text_color":"globals\/colors?id=88aa344","order_coupon_input_color":"","order_coupon_input_typo_typography":"","order_coupon_label_color":"","order_coupon_btn_typo_typography":"","order_coupon_btn_bg_color":"globals\/colors?id=88aa344","order_coupon_btn_text_color":"","order_coupon_btn_bg_hover_color":"globals\/colors?id=52b0a28","order_coupon_btn_bg_hover_text_color":"","default_text_color":"globals\/colors?id=88aa344","additional_text_color":"","wfacp_form_payment_method_typo_typography":"","default_link_color":"globals\/colors?id=88aa344","wfacp_form_fields_border_border_color":"","section_sub_heading_typo_typography":"","default_primary_color":"globals\/colors?id=text","active_step_bg_color":"globals\/colors?id=c762090","active_step_count_border_color":"globals\/colors?id=88aa344","active_step_count_text_color":"globals\/colors?id=3d62394","collapsible_order_summary_bg_color":"","form_section_bg_color":"","wfacp_form_fields_input_bg_color":"globals\/colors?id=3d62394","default_link_hover_color":"globals\/colors?id=52b0a28"},"wfacp_button_padding_padding":{"unit":"px","top":"12","right":"12","bottom":"12","left":"12","isLinked":true},"form_heading_color":"#353030","form_heading_align":"left","form_heading_bg_color":"","form_heading_padding_padding":{"unit":"px","top":"0","right":"0","bottom":"0","left":"0","isLinked":false},"form_heading_margin_margin":{"unit":"px","top":"0","right":"0","bottom":"16","left":"0","isLinked":false},"tab_subheading_typography_font_size":{"unit":"px","size":50,"sizes":[]},"border_radius_steps_border_radius":{"unit":"px","top":"0","right":"0","bottom":"0","left":"0","isLinked":true},"wfacp_tab_margin_margin":{"unit":"px","top":"0","right":"0","bottom":"24","left":"0","isLinked":false},"wfacp_form_fields_border_border_radius":{"unit":"px","top":"11","right":"11","bottom":"11","left":"11","isLinked":true},"form_section_padding_padding":{"unit":"px","top":"0","right":"0","bottom":"0","left":"0","isLinked":false},"form_section_margin_margin":{"unit":"px","top":"0","right":"0","bottom":"20","left":"0","isLinked":false},"order_coupon_coupon_typography_font_weight":"500","inactive_step_text_color":"#A8A8A8","wfacp_form_fields_input_typo_typography":"custom","wfacp_form_fields_input_typo_font_size_mobile":{"unit":"px","size":"","sizes":[]},"wfacp_form_fields_input_typo_font_weight":"400","wfacp_form_fields_border_border_border":"solid","order_coupon_coupon_typography_line_height":{"unit":"em","size":1.2,"sizes":[]},"order_coupon_label_typo_typography":"custom","order_coupon_label_typo_font_size":{"unit":"px","size":14,"sizes":[]},"order_coupon_label_typo_line_height":{"unit":"em","size":1.2,"sizes":[]},"order_coupon_label_color":"#A8A8A8","order_coupon_input_typo_typography":"custom","order_coupon_input_typo_font_size":{"unit":"px","size":14,"sizes":[]},"order_coupon_input_typo_font_weight":"400","order_coupon_input_color":"#353030","order_coupon_coupon_border_border_radius":{"unit":"px","top":"8","right":"8","bottom":"8","left":"8","isLinked":true},"order_coupon_btn_text_color":"#FFFFFF","order_coupon_btn_bg_hover_text_color":"#FFFFFF","order_coupon_btn_typo_typography":"custom","order_coupon_btn_typo_font_size":{"unit":"px","size":19,"sizes":[]},"order_coupon_btn_typo_font_weight":"600","section_heading_typo_typography":"custom","section_heading_typo_font_size":{"unit":"px","size":18,"sizes":[]},"section_heading_typo_font_weight":"600","wfacp_font_family":"Glober True","inactive_tab_border_bottom_color":"#02010112","wfacp_tab_margin_margin_tablet":{"unit":"px","top":"0","right":"0","bottom":"0","left":"0","isLinked":false},"_margin_tablet":{"unit":"px","top":"10","right":"0","bottom":"0","left":"0","isLinked":false},"_padding":{"unit":"px","top":"0","right":"0","bottom":"0","left":"0","isLinked":false},"_margin_mobile":{"unit":"px","top":"24","right":"0","bottom":"0","left":"0","isLinked":false},"enable_callapse_order_summary_mobile":"yes","collapse_enable_coupon":"true","collapse_enable_coupon_collapsible":"","tab_heading_typography_typography":"custom","tab_heading_typography_font_family":"Glober True","tab_heading_typography_font_size":{"unit":"px","size":18,"sizes":[]},"tab_heading_typography_font_size_mobile":{"unit":"px","size":16,"sizes":[]},"tab_heading_typography_font_weight":"400","wfacp_tab_margin_margin_mobile":{"unit":"px","top":"0","right":"0","bottom":"0","left":"0","isLinked":false},"wfacp_button_padding_padding_mobile":{"unit":"px","top":"16","right":"10","bottom":"16","left":"10","isLinked":false},"default_text_color":"#009786","order_summary_enable_product_image_collapsed_mobile":"yes","wfacp_collapsible_margin_margin_mobile":{"unit":"px","top":"0","right":"0","bottom":"24","left":"0","isLinked":false},"wfacp_collapsible_border_radius_border_radius_mobile":{"unit":"px","top":"0","right":"0","bottom":"0","left":"0","isLinked":true},"wfacp_button_margin_margin":{"unit":"px","top":"0","right":"0","bottom":"00","left":"0","isLinked":false},"wfacp_button_border_border_radius":{"unit":"px","top":"8","right":"8","bottom":"8","left":"8","isLinked":true},"additional_text_color":"#1D1D1F","additional_bg_color":"#02010100","wfacp_form_payment_method_typo_font_weight":"500","wfacp_form_fields_border_border_width":{"unit":"px","top":"1","right":"1","bottom":"1","left":"1","isLinked":true},"wfacp_form_fields_border_border_color":"#D9D9D9","_margin":{"unit":"px","top":"0","right":"0","bottom":"0","left":"0","isLinked":false},"custom_css":"#order_payment_heading {\n    display: none !important;\n}\n\n\/* evtl. noch media query adden, auf mobile muss n\u00e4mlich nichts ver\u00e4ndert werden*\/\n\n.elementor-1671 .elementor-element.elementor-element-d3670a3 #wfacp-e-form .wfacp_main_form.woocommerce #payment button#place_order:hover{\n    background-color: #A95110;\n}\n.elementor-1671 .elementor-element.elementor-element-d3670a3 #wfacp-e-form .wfacp_main_form.woocommerce #payment button#place_order{\n    background-color: #F88530;\n}\n","default_link_color":"#009786","wfacp_form_payment_button_typo_typography":"custom","wfacp_form_payment_button_typo_text_transform":"none","wfacp_form_fields_label_typo_typography":"custom","wfacp_form_fields_label_typo_font_size":{"unit":"px","size":14,"sizes":[]},"wfacp_form_fields_label_typo_font_weight":"400","section_sub_heading_typo_typography":"custom","section_sub_heading_typo_font_size":{"unit":"px","size":13,"sizes":[]},"section_sub_heading_typo_font_weight":"400","wfacp_form_border_padding_padding":{"unit":"px","top":"0","right":"0","bottom":"36","left":"0","isLinked":false},"form_section_margin_margin_mobile":{"unit":"px","top":"0","right":"0","bottom":"0","left":"0","isLinked":false},"_padding_mobile":{"unit":"px","top":"0","right":"0","bottom":"0","left":"0","isLinked":false},"_padding_tablet":{"unit":"px","top":"0","right":"0","bottom":"0","left":"0","isLinked":false},"wfacp_form_payment_button_typo_font_size":{"unit":"px","size":20,"sizes":[]},"wfacp_button_label_color":"#FFFFFF","wfacp_button_label_hover_color":"#FFFFFF","step_cart_link_enable":"no","wfacp_form_border_padding_padding_tablet":{"unit":"px","top":"0","right":"0","bottom":"36","left":"0","isLinked":false},"wfacp_form_border_padding_padding_mobile":{"unit":"px","top":"0","right":"16","bottom":"16","left":"16","isLinked":false},"breadcrumb_heading_typography_typography":"custom","breadcrumb_heading_typography_font_weight":"600","wfacp_collapsible_margin_margin_tablet":{"unit":"px","top":"0","right":"0","bottom":"24","left":"0","isLinked":false},"form_heading_margin_margin_mobile":{"unit":"px","top":"0","right":"0","bottom":"10","left":"0","isLinked":false},"default_primary_color":"#013D36","order_summary_cart_item_typo_typography":"custom","order_summary_cart_item_typo_font_weight":"400","order_summary_cart_item_color":"#353030","order_summary_product_meta_typo_typography":"custom","order_summary_product_meta_typo_font_weight":"400","order_summary_product_meta_color":"#353030","order_summary_cart_subtotal_heading_typo_typography":"custom","order_summary_cart_subtotal_heading_typo_font_weight":"500","order_summary_cart_subtotal_heading_color":"#353030","order_coupon_coupon_typography_typography":"custom","wfacp_form_payment_method_typo_typography":"custom","order_coupon_input_typo_font_size_mobile":{"unit":"px","size":15,"sizes":[]},"order_coupon_btn_typo_font_size_mobile":{"unit":"px","size":15,"sizes":[]},"section_heading_typo_line_height":{"unit":"em","size":1.3,"sizes":[]},"breadcrumb_heading_typography_font_size":{"unit":"px","size":12,"sizes":[]},"section_heading_typo_text_transform":"none","enable_callapse_order_summary_tablet":"yes","collapsible_order_summary_bg_color":"","expanded_order_summary_bg_color":"#FAFAFA","form_section_margin_margin_tablet":{"unit":"px","top":"0","right":"0","bottom":"0","left":"0","isLinked":false},"order_summary_cart_total_label_typo_typography":"custom","order_summary_cart_total_label_typo_font_family":"Helvetica","order_coupon_label_typo_font_size_tablet":{"unit":"px","size":14,"sizes":[]},"order_coupon_input_typo_font_size_tablet":{"unit":"px","size":14,"sizes":[]},"order_coupon_btn_typo_font_size_tablet":{"unit":"px","size":16,"sizes":[]},"enable_icon_with_place_order_place_order":"yes","enable_price_in_place_order_button":"yes","wfacp_form_payment_button_typo_font_size_mobile":{"unit":"px","size":18,"sizes":[]},"elementor-shoppe_button_sub_text_font_size":{"unit":"px","size":"","sizes":[]},"wfacp_label_position":"wfacp-modern-label","expanded_order_summary_link_color":"#353030","wfacp_collapsible_margin_margin":{"unit":"px","top":"0","right":"0","bottom":"0","left":"0","isLinked":true},"wfacp_form_fields_label_typo_font_family":"Roboto","wfacp_form_fields_input_typo_font_family":"Glober True","order_summary_cart_item_typo_font_family":"Glober True","order_summary_product_meta_typo_font_family":"Glober True","order_summary_cart_total_label_typo_font_size_tablet":{"unit":"px","size":14,"sizes":[]},"order_summary_cart_subtotal_heading_typo_font_family":"Helvetica","enable_progress_bar":"yes","wfacp_elementor-shoppe_billing_email_field":"wfacp-col-full","wfacp_elementor-shoppe_billing_first_name_field":"wfacp-col-left-half","wfacp_elementor-shoppe_billing_last_name_field":"wfacp-col-left-half","wfacp_elementor-shoppe_shipping_address_1_field":"wfacp-col-left-half","wfacp_elementor-shoppe_shipping_city_field":"wfacp-col-left-half","wfacp_elementor-shoppe_shipping_postcode_field":"wfacp-col-left-third","wfacp_elementor-shoppe_shipping_country_field":"wfacp-col-left-third","wfacp_elementor-shoppe_shipping_state_field":"wfacp-col-left-third","wfacp_elementor-shoppe_billing_address_1_field":"wfacp-col-left-half","wfacp_elementor-shoppe_billing_city_field":"wfacp-col-left-half","wfacp_elementor-shoppe_billing_postcode_field":"wfacp-col-left-third","wfacp_elementor-shoppe_billing_country_field":"wfacp-col-left-third","wfacp_elementor-shoppe_billing_state_field":"wfacp-col-left-third","wfacp_elementor-shoppe_billing_phone_field":"wfacp-col-full","elementor-shoppe_btn_icon_color":"#ffffff","elementor-shoppe_button_sub_text_font_size_tablet":{"unit":"px","size":12,"sizes":[]},"elementor-shoppe_button_sub_text_font_size_mobile":{"unit":"px","size":12,"sizes":[]},"elementor-shoppe_button_sub_text_color":"#ffffff","wfacp_button_margin_margin_mobile":{"unit":"px","top":"0","right":"0","bottom":"0","left":"0","isLinked":false},"wfacp_elementor-shoppe_billing_email_field_class":"","wfacp_elementor-shoppe_billing_first_name_field_class":"","wfacp_elementor-shoppe_billing_last_name_field_class":"","wfacp_elementor-shoppe_shipping_address_1_field_class":"","wfacp_elementor-shoppe_shipping_city_field_class":"","wfacp_elementor-shoppe_shipping_postcode_field_class":"","wfacp_elementor-shoppe_shipping_country_field_class":"","wfacp_elementor-shoppe_shipping_state_field_class":"","wfacp_elementor-shoppe_billing_address_1_field_class":"","wfacp_elementor-shoppe_billing_city_field_class":"","wfacp_elementor-shoppe_billing_postcode_field_class":"","wfacp_elementor-shoppe_billing_country_field_class":"","wfacp_elementor-shoppe_billing_state_field_class":"","wfacp_elementor-shoppe_billing_phone_field_class":"","form_heading_margin_margin_tablet":{"unit":"px","top":"0","right":"0","bottom":"12","left":"0","isLinked":false},"wfacp_elementor-shoppe-step-2-new_shipping_address_1_field":"wfacp-col-full","wfacp_elementor-shoppe-step-2-new_shipping_postcode_field":"wfacp-col-left-half","wfacp_elementor-shoppe-step-2-new_shipping_country_field":"wfacp-col-left-half","wfacp_elementor-shoppe-step-2-new_shipping_state_field":"wfacp-col-left-half","wfacp_elementor-shoppe-step-2-new_shipping_address_2_field":"wfacp-col-full","wfacp_elementor-shoppe-step-2-new_billing_address_1_field":"wfacp-col-full","wfacp_elementor-shoppe-step-2-new_billing_address_2_field":"wfacp-col-full","enable_progress_bar_tablet":"yes","wfacp_elementor-shoppe-step-2-new_billing_postcode_field":"wfacp-col-left-half","wfacp_elementor-shoppe-step-2-new_billing_country_field":"wfacp-col-left-half","wfacp_elementor-shoppe-step-2-new_billing_state_field":"wfacp-col-left-half","form_section_padding_padding_mobile":{"unit":"px","top":"0","right":"0","bottom":"20","left":"0","isLinked":false},"wfacp_elementor-shoppe-step-2-new_billing_email_field":"wfacp-col-full","wfacp_elementor-shoppe-step-2-new_billing_first_name_field":"wfacp-col-left-half","wfacp_elementor-shoppe-step-2-new_billing_last_name_field":"wfacp-col-left-half","wfacp_elementor-shoppe-step-2-new_shipping_city_field":"wfacp-col-left-half","wfacp_elementor-shoppe-step-2-new_billing_city_field":"wfacp-col-left-half","wfacp_elementor-shoppe-step-2-new_billing_phone_field":"wfacp-col-full","elementor-shoppe-step-2-new_btn_icon_color":"#ffffff","elementor-shoppe-step-2-new_button_sub_text_font_size":{"unit":"px","size":12,"sizes":[]},"elementor-shoppe-step-2-new_button_sub_text_font_size_tablet":{"unit":"px","size":12,"sizes":[]},"elementor-shoppe-step-2-new_button_sub_text_font_size_mobile":{"unit":"px","size":12,"sizes":[]},"elementor-shoppe-step-2-new_button_sub_text_color":"#ffffff","wfacp_elementor-shoppe-step-2-new_billing_email_field_class":"","wfacp_elementor-shoppe-step-2-new_billing_first_name_field_class":"","wfacp_elementor-shoppe-step-2-new_billing_last_name_field_class":"","wfacp_elementor-shoppe-step-2-new_shipping_address_1_field_class":"","wfacp_elementor-shoppe-step-2-new_shipping_address_2_field_class":"","wfacp_elementor-shoppe-step-2-new_shipping_city_field_class":"","wfacp_elementor-shoppe-step-2-new_shipping_postcode_field_class":"","wfacp_elementor-shoppe-step-2-new_shipping_country_field_class":"","wfacp_elementor-shoppe-step-2-new_shipping_state_field_class":"","wfacp_elementor-shoppe-step-2-new_billing_address_1_field_class":"","wfacp_elementor-shoppe-step-2-new_billing_address_2_field_class":"","wfacp_elementor-shoppe-step-2-new_billing_city_field_class":"","wfacp_elementor-shoppe-step-2-new_billing_postcode_field_class":"","wfacp_elementor-shoppe-step-2-new_billing_country_field_class":"","wfacp_elementor-shoppe-step-2-new_billing_state_field_class":"","wfacp_elementor-shoppe-step-2-new_billing_phone_field_class":"","wfacp_elementor-shoppe-step-2_shipping_address_1_field":"wfacp-col-full","wfacp_elementor-shoppe-step-2_shipping_address_2_field":"wfacp-col-full","wfacp_elementor-shoppe-step-2_shipping_postcode_field":"wfacp-col-left-half","wfacp_elementor-shoppe-step-2_shipping_country_field":"wfacp-col-left-half","wfacp_elementor-shoppe-step-2_shipping_state_field":"wfacp-col-left-half","wfacp_elementor-shoppe-step-2_billing_address_1_field":"wfacp-col-full","wfacp_elementor-shoppe-step-2_billing_address_2_field":"wfacp-col-full","wfacp_elementor-shoppe-step-2_billing_postcode_field":"wfacp-col-left-half","wfacp_elementor-shoppe-step-2_billing_country_field":"wfacp-col-left-half","wfacp_elementor-shoppe-step-2_billing_state_field":"wfacp-col-left-half","tab_subheading_typography_typography":"custom","tab_subheading_typography_font_family":"Glober True","tab_subheading_typography_font_weight":"500","active_step_bg_color":"#E6F5F3","active_step_text_color":"#013D36","active_tab_border_bottom_color":"#99D5CF","active_step_count_bg_color":"#009786","active_step_count_border_color":"#009786","active_step_count_text_color":"#FFFFFF","section_heading_typo_font_family":"Glober True","section_sub_heading_typo_font_family":"Glober True","order_coupon_btn_typo_font_family":"Glober True","wfacp_form_payment_method_typo_font_family":"Glober True","wfacp_form_fields_focus_color":"#009786","wfacp_form_fields_validation_color":"#F84730","order_coupon_btn_bg_color":"#009786","order_coupon_btn_bg_hover_color":"#013D36","wfacp_form_payment_button_typo_font_family":"Glober True"},"elements":[],"widgetType":"wfacp_form"}],"isInner":false,"elType":"column"},{"id":"1e8fa11e","settings":{"_column_size":50,"_inline_size":41.956,"background_background":"classic","margin":{"unit":"%","top":"0","right":"0","bottom":"0","left":"0","isLinked":false},"padding":{"unit":"px","top":"28","right":"0","bottom":"0","left":"42","isLinked":false},"border_width":{"unit":"px","top":"0","right":"0","bottom":"0","left":"1","isLinked":false},"border_width_tablet":{"unit":"px","top":"01","right":"0","bottom":"01","left":"01","isLinked":false},"border_color":"#E1E1E1","padding_tablet":{"unit":"px","top":"0","right":"0","bottom":"20","left":"0","isLinked":false},"__globals__":{"border_color":"","background_color":"globals\/colors?id=2f06e8b"},"motion_fx_motion_fx_scrolling":"yes","margin_tablet":{"unit":"px","top":"0","right":"0","bottom":"0","left":"0","isLinked":false},"_inline_size_tablet":100,"padding_mobile":{"unit":"px","top":"0","right":"0","bottom":"16","left":"0","isLinked":false}},"elements":[{"id":"ab7787c","settings":{"layout":"full_width","background_background":"classic","border_color":"#E3E3E3","margin":{"unit":"px","top":"22","right":0,"bottom":"0","left":0,"isLinked":false},"padding":{"unit":"%","top":"0","right":"0","bottom":"0","left":"0","isLinked":false},"padding_tablet":{"unit":"%","top":"0","right":"0","bottom":"0","left":"0","isLinked":true},"padding_mobile":{"unit":"%","top":"","right":"","bottom":"","left":"","isLinked":true},"__globals__":{"background_color":""},"margin_tablet":{"unit":"px","top":"0","right":0,"bottom":"0","left":0,"isLinked":false},"hide_mobile":"hidden-mobile"},"elements":[{"id":"3da8882d","settings":{"_column_size":100,"_inline_size":100,"padding":{"unit":"%","top":"0","right":"0","bottom":"0","left":"0","isLinked":false},"padding_tablet":{"unit":"px","top":"25","right":"30","bottom":"10","left":"20","isLinked":false},"padding_mobile":{"unit":"px","top":"30","right":"15","bottom":"30","left":"15","isLinked":false},"_inline_size_tablet":100,"hide_tablet":"hidden-tablet","hide_mobile":"hidden-mobile","custom_css":".elementor-1671 .elementor-element.elementor-element-430132a .wfacp_mini_cart_start_h button.wfacp-coupon-btn{\n    border-radius: 11px;\n    padding: 10px 12px 10px 12px \n}"},"elements":[{"id":"3f07dd8b","settings":{"editor":"<p>Ordreoplysninger<\/p>","typography_typography":"custom","typography_font_family":"Glober True","typography_font_size":{"unit":"px","size":24,"sizes":[]},"typography_font_weight":"600","_margin":{"unit":"px","top":"-15","right":"0","bottom":"0","left":"0","isLinked":false}},"elements":[],"isInner":false,"widgetType":"text-editor","elType":"widget"},{"id":"47b32d17","settings":{"text":"Bliv medlem nu","align":"left","typography_typography":"custom","typography_font_family":"Glober True","typography_font_weight":"600","typography_text_decoration":"none","background_color":"#99D5CF00","button_background_hover_background":"","button_hover_border_color":"#02010100","border_border":"none","border_radius":{"unit":"px","top":"0","right":"0","bottom":"0","left":"0","isLinked":false},"text_padding":{"unit":"px","top":"0","right":"0","bottom":"0","left":"0","isLinked":false},"_margin":{"unit":"px","top":"-20","right":"0","bottom":"10","left":"0","isLinked":false},"_padding":{"unit":"px","top":"0","right":"0","bottom":"0","left":"0","isLinked":false},"__dynamic__":{"link":"[elementor-tag id=\"f585a6a\" name=\"popup\" settings=\"%7B%22popup%22%3A%22329%22%7D\"]"},"__globals__":{"button_text_color":"globals\/colors?id=d279380"}},"elements":[],"isInner":false,"widgetType":"button","elType":"widget"},{"id":"430132a","elType":"widget","settings":{"mini_cart_heading":"","mini_cart_coupon_button_text":"Indl\u00f8s","mini_cart_product_color":"#353030","mini_cart_product_meta_typo_typography":"custom","mini_cart_product_meta_typo_font_family":"Glober True","mini_cart_product_meta_typo_font_weight":"400","mini_cart_product_meta_color":"#353030","mini_cart_total_label_typo_typography":"custom","mini_cart_total_label_typo_font_size":{"unit":"px","size":14,"sizes":[]},"mini_cart_total_label_typo_font_weight":"500","mini_cart_total_typo_typography":"custom","mini_cart_total_typo_font_size":{"unit":"px","size":22,"sizes":[]},"mini_cart_total_typo_font_weight":"400","mini_cart_total_color":"#353030","wfacp_mini_cart_font_family":"Glober True","_offset_orientation_h":"end","_element_width":"initial","_element_custom_width":{"unit":"px","size":"","sizes":[]},"enable_coupon":"yes","enable_coupon_collapsible":"","enable_quantity_box":"yes","enable_delete_item":"yes","mini_cart_section_typo_typography":"custom","mini_cart_section_typo_font_family":"Glober True","mini_cart_section_typo_font_weight":"700","wfacp_form_mini_cart_coupon_button_typo_typography":"custom","wfacp_form_mini_cart_coupon_button_typo_font_family":"Glober True","wfacp_form_mini_cart_coupon_button_typo_font_size":{"unit":"px","size":18,"sizes":[]},"wfacp_form_mini_cart_coupon_button_typo_font_weight":"500","_margin":{"unit":"px","top":"-19","right":"0","bottom":"0","left":"0","isLinked":false},"_padding":{"unit":"px","top":"0","right":"0","bottom":"16","left":"0","isLinked":false},"mini_cart_product_typo_typography":"custom","mini_cart_product_typo_font_family":"Glober True","mini_cart_product_typo_font_weight":"500","wfacp_form_mini_cart_coupon_label_typo_typography":"custom","wfacp_form_mini_cart_coupon_label_typo_font_family":"Glober True","wfacp_form_mini_cart_coupon_label_typo_font_weight":"500","wfacp_form_mini_cart_coupon_input_typo_typography":"custom","wfacp_form_mini_cart_coupon_input_typo_font_family":"Glober True","wfacp_form_mini_cart_coupon_input_typo_font_weight":"500","mini_cart_total_label_typo_font_family":"Glober True","mini_cart_total_typo_font_family":"Glober True","mini_cart_coupon_display_label_color":"#353030","mini_cart_section_typo_font_size":{"unit":"px","size":20,"sizes":[]},"mini_cart_section_typo_line_height":{"unit":"px","size":51,"sizes":[]},"__globals__":{"mini_cart_section_text_color":"","wfacp_form_mini_cart_coupon_focus_color":"globals\/colors?id=88aa344","mini_cart_coupon_btn_color":"globals\/colors?id=d279380","mini_cart_coupon_btn_lable_hover_color":"globals\/colors?id=d25cd4d","mini_cart_divider_color":"globals\/colors?id=2f06e8b","mini_cart_coupon_display_val_color":"globals\/colors?id=secondary"},"mini_cart_product_typo_font_size":{"unit":"px","size":18,"sizes":[]},"mini_cart_product_image_border_radius_border_radius":{"unit":"px","top":"","right":"","bottom":"","left":"","isLinked":true},"wfacp_form_mini_cart_coupon_border_border_radius":{"unit":"px","top":"11","right":"11","bottom":"11","left":"11","isLinked":true}},"elements":[],"widgetType":"wfacp_form_summary"}],"isInner":true,"elType":"column"}],"isInner":true,"elType":"section"},{"id":"123d9136","settings":{"margin":{"unit":"px","top":"-37","right":"0","bottom":"0","left":"0","isLinked":false},"padding":{"unit":"px","top":"0","right":"0","bottom":"0","left":"1","isLinked":false},"hide_tablet":"hidden-tablet","hide_mobile":"hidden-mobile"},"elements":[{"id":"3c146a6d","settings":{"flex_direction":"row","flex_gap":{"unit":"px","size":0,"column":"0","row":"0"},"content_width":"full","padding":{"unit":"px","top":"0","right":"0","bottom":"0","left":"0","isLinked":false}},"elements":[{"id":"23c42aac","settings":{"flex_direction":"column","content_width":"full","width":{"unit":"%","size":"50"},"padding":{"unit":"px","top":"0","right":"0","bottom":"0","left":"0","isLinked":false}},"elements":[{"id":"2a28b65c","settings":{"editor":"<p>B\u00e6redygtigt emballage gebyr<\/p>","typography_typography":"custom","typography_font_family":"Glober True","typography_font_size":{"unit":"px","size":13,"sizes":[]},"typography_font_weight":"400","__globals__":{"text_color":"globals\/colors?id=6c69d2d"}},"elements":[],"isInner":false,"widgetType":"text-editor","elType":"widget"}],"isInner":true,"elType":"container"},{"id":"7364f12a","settings":{"flex_direction":"column","content_width":"full","width":{"unit":"%","size":"50"},"padding":{"unit":"px","top":"0","right":"0","bottom":"0","left":"0","isLinked":false}},"elements":[{"id":"9400ed1","settings":{"editor":"<p>10 Kr.<\/p>","align":"right","typography_typography":"custom","typography_font_family":"Glober True","typography_font_size":{"unit":"px","size":13,"sizes":[]},"typography_font_weight":"400","__globals__":{"text_color":"globals\/colors?id=6c69d2d"}},"elements":[],"isInner":false,"widgetType":"text-editor","elType":"widget"}],"isInner":true,"elType":"container"}],"isInner":true,"elType":"container"}],"isInner":false,"elType":"container"}],"isInner":false,"elType":"column"}],"isInner":false,"elType":"section"},{"id":"18b29a99","settings":{"structure":"20","column_position":"stretch","custom_height":{"unit":"px","size":"","sizes":[]},"background_background":"gradient","padding":{"unit":"px","top":"0","right":"0","bottom":"0","left":"0","isLinked":false},"content_width":{"unit":"px","size":1100,"sizes":[]},"background_color_stop":{"unit":"%","size":50,"sizes":[]},"background_color_b_stop":{"unit":"%","size":50,"sizes":[]},"background_gradient_angle":{"unit":"deg","size":90,"sizes":[]},"height":"min-height","__globals__":{"background_color":"globals\/colors?id=c762090","background_color_b":"globals\/colors?id=2f06e8b"},"border_border":"none"},"elements":[{"id":"69e93f59","settings":{"_column_size":50,"_inline_size":58,"margin":{"unit":"%","top":"0","right":"0","bottom":"0","left":"0","isLinked":false},"padding":{"unit":"px","top":"0","right":"66","bottom":"8","left":"0","isLinked":false},"margin_tablet":{"unit":"px","top":"0","right":"0","bottom":"0","left":"0","isLinked":false},"padding_tablet":{"unit":"px","top":"25","right":"20","bottom":"10","left":"30","isLinked":false},"padding_mobile":{"unit":"px","top":"0","right":"0","bottom":"12","left":"0","isLinked":false},"space_between_widgets_mobile":0,"border_width":{"unit":"px","top":"0","right":"1","bottom":"0","left":"0","isLinked":false},"border_color":"#E1E1E1","background_background":"classic","__globals__":{"background_color":"globals\/colors?id=c762090"},"border_border":"solid","_inline_size_tablet":100},"elements":[{"id":"575b3263","settings":{"view":"inline","icon_list":[{"text":"<a href=\"#\" style=\"color:inherit\">Refund Policy<\/a>","selected_icon":{"value":"","library":""},"_id":"07a7a6b"},{"text":"<a href=\"#\" style=\"color:inherit\">Privacy Policy<\/a>","selected_icon":{"value":"","library":""},"_id":"a39cb77"},{"text":"<a href=\"#\" style=\"color:inherit\">Terms of Service<\/a>","selected_icon":{"value":"","library":""},"_id":"779d7da"}],"space_between":{"unit":"px","size":16,"sizes":[]},"icon_align":"left","icon_size":{"unit":"px","size":6,"sizes":[]},"text_color":"#353030","text_indent":{"unit":"px","size":0,"sizes":[]},"icon_typography_typography":"custom","icon_typography_font_family":"Glober True","icon_typography_font_size":{"unit":"px","size":11,"sizes":[]},"icon_typography_font_weight":"400","_margin":{"unit":"px","top":"0","right":"0","bottom":"4","left":"0","isLinked":false},"custom_css":"#clr li a{ color:#777;}","_css_classes":"clr","icon_typography_line_height_mobile":{"unit":"px","size":12,"sizes":[]},"space_between_mobile":{"unit":"px","size":15,"sizes":[]},"icon_align_mobile":"center","_margin_mobile":{"unit":"px","top":"0","right":"0","bottom":"0","left":"0","isLinked":false},"_padding":{"unit":"px","top":"12","right":"0","bottom":"0","left":"0","isLinked":false},"_border_border":"solid","_border_width":{"unit":"px","top":"1","right":"0","bottom":"0","left":"0","isLinked":false},"_border_color":"#E6E6E6","icon_align_tablet":"center","_padding_mobile":{"unit":"px","top":"16","right":"0","bottom":"12","left":"0","isLinked":false},"_background_background":"classic","__globals__":{"_background_color":""}},"elements":[],"isInner":false,"widgetType":"icon-list","elType":"widget"}],"isInner":false,"elType":"column"},{"id":"1fbe8f73","settings":{"_column_size":50,"_inline_size":41.956,"background_background":"classic","margin":{"unit":"%","top":"0","right":"0","bottom":"0","left":"0","isLinked":false},"padding":{"unit":"px","top":"0","right":"0","bottom":"0","left":"0","isLinked":false},"border_width":{"unit":"px","top":"0","right":"0","bottom":"0","left":"1","isLinked":false},"border_width_tablet":{"unit":"px","top":"01","right":"0","bottom":"01","left":"01","isLinked":false},"border_color":"#E1E1E1","padding_tablet":{"unit":"px","top":"0","right":"0","bottom":"0","left":"0","isLinked":false},"__globals__":{"border_color":"","background_color":"globals\/colors?id=2f06e8b"},"hide_mobile":"hidden-mobile","motion_fx_motion_fx_scrolling":"yes","margin_tablet":{"unit":"px","top":"0","right":"0","bottom":"0","left":"0","isLinked":false},"border_border":"solid","hide_tablet":"hidden-tablet"},"elements":[],"isInner":false,"elType":"column"}],"isInner":false,"elType":"section"}],"settings":{"template":"full-width-template.php","eael_ext_toc_title":"Table of Contents"},"metadata":[]}