{"content":[{"id":"2a5c2186","settings":{"structure":"20","column_position":"stretch","custom_height":{"unit":"vh","size":"","sizes":[]},"background_background":"gradient","padding":{"unit":"px","top":"0","right":"0","bottom":"0","left":"0","isLinked":false},"height":"min-height","custom_height_tablet":{"unit":"vh","size":"","sizes":[]},"custom_height_mobile":{"unit":"vh","size":"","sizes":[]},"content_width":{"unit":"px","size":1100,"sizes":[]},"background_color":"#FFFFFF","background_color_stop":{"unit":"%","size":50,"sizes":[]},"background_color_b":"#FAFAFA","background_color_b_stop":{"unit":"%","size":50,"sizes":[]},"background_gradient_angle":{"unit":"deg","size":90,"sizes":[]}},"elements":[{"id":"72a2de30","settings":{"_column_size":50,"_inline_size":58,"margin":{"unit":"%","top":"0","right":"0","bottom":"0","left":"0","isLinked":false},"padding":{"unit":"px","top":"56","right":"66","bottom":"0","left":"0","isLinked":false},"margin_tablet":{"unit":"px","top":"0","right":"0","bottom":"0","left":"0","isLinked":false},"padding_tablet":{"unit":"px","top":"24","right":"28","bottom":"12","left":"28","isLinked":false},"padding_mobile":{"unit":"px","top":"28","right":"0","bottom":"20","left":"0","isLinked":false},"space_between_widgets_mobile":0,"border_width":{"unit":"px","top":"0","right":"1","bottom":"0","left":"0","isLinked":false},"border_color":"#E1E1E1","background_background":"classic","__globals__":{"background_color":""},"background_color":"#FFFFFF","border_border":"solid","_inline_size_tablet":100,"border_width_tablet":{"unit":"px","top":"0","right":"0","bottom":"0","left":"0","isLinked":true}},"elements":[{"id":"65a7a4b6","settings":{"image":{"url":"https:\/\/d3ldyx3r2ad3ic.cloudfront.net\/templates\/template-assets\/images\/shoppe\/shopee_logo.png","id":"","source":"url","size":""},"image_size":"full","align":"center","space":{"unit":"px","size":127,"sizes":[]},"space_tablet":{"unit":"px","size":"","sizes":[]},"space_mobile":{"unit":"px","size":"","sizes":[]},"_margin":{"unit":"px","top":"0","right":"0","bottom":"16","left":"0","isLinked":false},"_margin_mobile":{"unit":"px","top":"0","right":"0","bottom":"0","left":"0","isLinked":true}},"elements":[],"isInner":false,"widgetType":"image","elType":"widget"},{"id":"74ad62f","elType":"widget","settings":{"step_0_bredcrumb":"Information","step_0_progress_bar":"Step 1","step_0_heading":"Information","step_0_subheading":"","step_1_bredcrumb":"Billing","step_1_progress_bar":"Step 2","step_1_heading":"Versand","step_1_subheading":"","step_2_bredcrumb":"Payment","step_2_progress_bar":"Step 3","step_2_heading":"Zahlung","step_2_subheading":"","step_cart_progress_bar_link":"Warenkorb","step_cart_bredcrumb_link":"Warenkorb","wfacp_payment_method_heading_text":"Payment Information","wfacp_payment_method_subheading":"","wfacp_payment_button_1_text":"Proceed to Shipping","wfacp_payment_button_2_text":"Proceed to Payment","wfacp_payment_place_order_text":"Place Order Now","return_to_cart_text":"\u00ab Return to Cart","payment_button_back_2_text":"Return to Contact","payment_button_back_3_text":"Return to Shipping","text_below_placeorder_btn":"","cart_collapse_title":"Show Order Summary","cart_expanded_title":"Hide Order Summary","collapse_coupon_button_text":"Apply","form_coupon_button_text":"Apply","wfacp_elementor_3_shipping_postcode_field":"wfacp-col-left-half","wfacp_elementor_3_shipping_country_field":"wfacp-col-full","wfacp_elementor_3_billing_postcode_field":"wfacp-col-left-half","wfacp_elementor_3_billing_country_field":"wfacp-col-full","enable_callapse_order_summary":"","wfacp_make_button_sticky_on_mobile":"","__globals__":{"wfacp_form_payment_button_typo_typography":"","wfacp_button_bg_color":"","wfacp_button_bg_hover_color":"","step_back_link_color":"","step_back_link_hover_color":"","wfacp_form_fields_label_typo_typography":"globals\/typography?id=text","wfacp_form_fields_label_color":"","wfacp_form_fields_input_color":"","wfacp_form_fields_input_typo_typography":"","section_heading_typo_typography":"","form_heading_color":"","tab_heading_typography_typography":"","active_step_count_bg_color":"","active_tab_border_bottom_color":"","order_coupon_coupon_typography_typography":"","wfacp_form_fields_focus_color":"","order_coupon_focus_color":"","active_step_text_color":"","inactive_step_text_color":"","wfacp_form_fields_validation_color":"","order_coupon_coupon_text_color":"","order_coupon_input_color":"","order_coupon_input_typo_typography":"","order_coupon_label_color":"","order_coupon_btn_typo_typography":"","order_coupon_btn_bg_color":"","order_coupon_btn_text_color":"","order_coupon_btn_bg_hover_color":"","order_coupon_btn_bg_hover_text_color":"","default_text_color":"","additional_text_color":"","wfacp_form_payment_method_typo_typography":"","default_link_color":"","wfacp_form_fields_border_border_color":"","section_sub_heading_typo_typography":""},"wfacp_button_padding_padding":{"unit":"px","top":"24","right":"16","bottom":"24","left":"16","isLinked":false},"form_heading_color":"#353030","form_heading_align":"left","form_heading_bg_color":"","form_heading_padding_padding":{"unit":"px","top":"0","right":"0","bottom":"0","left":"0","isLinked":false},"form_heading_margin_margin":{"unit":"px","top":"0","right":"0","bottom":"16","left":"0","isLinked":false},"wfacp_form_fields_input_color":"#353030","wfacp_form_fields_input_bg_color":"","wfacp_form_fields_validation_color":"#E15334","wfacp_button_bg_hover_color":"#293EA8","step_back_link_color":"#00B4F4","step_back_link_hover_color":"#008EC1","tab_subheading_typography_font_size":{"unit":"px","size":1,"sizes":[]},"border_radius_steps_border_radius":{"unit":"px","top":"0","right":"0","bottom":"0","left":"0","isLinked":true},"wfacp_tab_margin_margin":{"unit":"px","top":"0","right":"0","bottom":"24","left":"0","isLinked":false},"wfacp_form_fields_border_border_radius":{"unit":"px","top":"4","right":"4","bottom":"4","left":"4","isLinked":true},"form_section_padding_padding":{"unit":"px","top":"0","right":"0","bottom":"0","left":"0","isLinked":false},"form_section_margin_margin":{"unit":"px","top":"0","right":"0","bottom":"20","left":"0","isLinked":false},"order_coupon_coupon_typography_font_weight":"500","inactive_step_text_color":"#A8A8A8","wfacp_form_fields_input_typo_typography":"custom","wfacp_form_fields_input_typo_font_size_mobile":{"unit":"px","size":"","sizes":[]},"wfacp_form_fields_input_typo_font_weight":"400","wfacp_form_fields_border_border_border":"solid","wfacp_form_fields_focus_color":"#4B61D1","order_coupon_coupon_typography_line_height":{"unit":"em","size":1.2,"sizes":[]},"order_coupon_coupon_text_color":"#66B1FC","order_coupon_label_typo_typography":"custom","order_coupon_label_typo_font_size":{"unit":"px","size":14,"sizes":[]},"order_coupon_label_typo_line_height":{"unit":"em","size":1.2,"sizes":[]},"order_coupon_label_color":"#A8A8A8","order_coupon_input_typo_typography":"custom","order_coupon_input_typo_font_size":{"unit":"px","size":14,"sizes":[]},"order_coupon_input_typo_font_weight":"400","order_coupon_input_color":"#353030","order_coupon_focus_color":"#4B61D1","order_coupon_coupon_border_border_radius":{"unit":"px","top":"8","right":"8","bottom":"8","left":"8","isLinked":true},"order_coupon_btn_bg_color":"#4B61D1","order_coupon_btn_text_color":"#FFFFFF","order_coupon_btn_bg_hover_text_color":"#FFFFFF","order_coupon_btn_typo_typography":"custom","order_coupon_btn_typo_font_size":{"unit":"px","size":19,"sizes":[]},"order_coupon_btn_typo_font_weight":"600","section_heading_typo_typography":"custom","section_heading_typo_font_size":{"unit":"px","size":18,"sizes":[]},"section_heading_typo_font_weight":"600","wfacp_font_family":"Helvetica","inactive_tab_border_bottom_color":"#02010112","wfacp_tab_margin_margin_tablet":{"unit":"px","top":"0","right":"0","bottom":"0","left":"0","isLinked":false},"_margin_tablet":{"unit":"px","top":"10","right":"0","bottom":"0","left":"0","isLinked":false},"_padding":{"unit":"px","top":"0","right":"0","bottom":"0","left":"0","isLinked":false},"_margin_mobile":{"unit":"px","top":"24","right":"0","bottom":"0","left":"0","isLinked":false},"enable_callapse_order_summary_mobile":"yes","collapse_enable_coupon":"true","collapse_enable_coupon_collapsible":"","tab_heading_typography_typography":"custom","tab_heading_typography_font_family":"Karla","tab_heading_typography_font_size":{"unit":"px","size":18,"sizes":[]},"tab_heading_typography_font_size_mobile":{"unit":"px","size":16,"sizes":[]},"tab_heading_typography_font_weight":"400","wfacp_tab_margin_margin_mobile":{"unit":"px","top":"0","right":"0","bottom":"0","left":"0","isLinked":false},"wfacp_button_padding_padding_mobile":{"unit":"px","top":"16","right":"10","bottom":"16","left":"10","isLinked":false},"default_text_color":"#353030","order_summary_enable_product_image_collapsed_mobile":"yes","wfacp_collapsible_margin_margin_mobile":{"unit":"px","top":"0","right":"0","bottom":"24","left":"0","isLinked":false},"wfacp_collapsible_border_radius_border_radius_mobile":{"unit":"px","top":"0","right":"0","bottom":"0","left":"0","isLinked":true},"wfacp_button_margin_margin":{"unit":"px","top":"0","right":"0","bottom":"00","left":"0","isLinked":false},"wfacp_button_border_border_radius":{"unit":"px","top":"8","right":"8","bottom":"8","left":"8","isLinked":true},"additional_text_color":"#1D1D1F","additional_bg_color":"#02010100","wfacp_form_payment_method_typo_font_weight":"500","wfacp_form_fields_border_border_width":{"unit":"px","top":"1","right":"1","bottom":"1","left":"1","isLinked":true},"wfacp_form_fields_border_border_color":"#D9D9D9","_margin":{"unit":"px","top":"0","right":"0","bottom":"0","left":"0","isLinked":false},"custom_css":"#order_payment_heading {\n    display: none !important;\n}\n\n\/* evtl. noch media query adden, auf mobile muss n\u00e4mlich nichts ver\u00e4ndert werden*\/\n","default_link_color":"#4B61D1","wfacp_form_payment_button_typo_typography":"custom","wfacp_form_payment_button_typo_font_weight":"500","wfacp_form_payment_button_typo_text_transform":"none","wfacp_form_fields_label_typo_typography":"custom","wfacp_form_fields_label_typo_font_size":{"unit":"px","size":14,"sizes":[]},"wfacp_form_fields_label_typo_font_weight":"400","section_sub_heading_typo_typography":"custom","section_sub_heading_typo_font_size":{"unit":"px","size":13,"sizes":[]},"section_sub_heading_typo_font_weight":"400","wfacp_form_border_padding_padding":{"unit":"px","top":"0","right":"0","bottom":"36","left":"0","isLinked":false},"form_section_margin_margin_mobile":{"unit":"px","top":"0","right":"0","bottom":"0","left":"0","isLinked":false},"_padding_mobile":{"unit":"px","top":"0","right":"0","bottom":"0","left":"0","isLinked":false},"_padding_tablet":{"unit":"px","top":"0","right":"0","bottom":"0","left":"0","isLinked":false},"wfacp_form_payment_button_typo_font_size":{"unit":"px","size":20,"sizes":[]},"wfacp_button_label_color":"#FFFFFF","wfacp_button_label_hover_color":"#FFFFFF","step_cart_link_enable":"no","wfacp_form_border_padding_padding_tablet":{"unit":"px","top":"0","right":"0","bottom":"0","left":"0","isLinked":true},"wfacp_form_border_padding_padding_mobile":{"unit":"px","top":"0","right":"16","bottom":"0","left":"16","isLinked":false},"breadcrumb_heading_typography_typography":"custom","breadcrumb_heading_typography_font_weight":"500","wfacp_collapsible_margin_margin_tablet":{"unit":"px","top":"0","right":"0","bottom":"24","left":"0","isLinked":false},"form_heading_margin_margin_mobile":{"unit":"px","top":"0","right":"0","bottom":"10","left":"0","isLinked":false},"default_primary_color":"#4B61D1","order_summary_cart_item_typo_typography":"custom","order_summary_cart_item_typo_font_weight":"400","order_summary_cart_item_color":"#353030","order_summary_product_meta_typo_typography":"custom","order_summary_product_meta_typo_font_weight":"400","order_summary_product_meta_color":"#353030","order_summary_cart_subtotal_heading_typo_typography":"custom","order_summary_cart_subtotal_heading_typo_font_weight":"500","order_summary_cart_subtotal_heading_color":"#353030","order_coupon_coupon_typography_typography":"custom","wfacp_form_payment_method_typo_typography":"custom","order_coupon_input_typo_font_size_mobile":{"unit":"px","size":15,"sizes":[]},"order_coupon_btn_typo_font_size_mobile":{"unit":"px","size":15,"sizes":[]},"section_heading_typo_line_height":{"unit":"em","size":1.3,"sizes":[]},"wfacp_button_width":{"unit":"%","size":"","sizes":[]},"breadcrumb_heading_typography_font_size":{"unit":"px","size":12,"sizes":[]},"section_heading_typo_text_transform":"none","enable_callapse_order_summary_tablet":"yes","collapsible_order_summary_bg_color":"#FAFAFA","expanded_order_summary_bg_color":"#FAFAFA","form_section_margin_margin_tablet":{"unit":"px","top":"0","right":"0","bottom":"0","left":"0","isLinked":false},"order_summary_cart_total_label_typo_typography":"custom","order_summary_cart_total_label_typo_font_family":"Helvetica","order_coupon_label_typo_font_size_tablet":{"unit":"px","size":14,"sizes":[]},"order_coupon_input_typo_font_size_tablet":{"unit":"px","size":14,"sizes":[]},"order_coupon_btn_typo_font_size_tablet":{"unit":"px","size":16,"sizes":[]},"enable_icon_with_place_order_place_order":"yes","enable_price_in_place_order_button":"yes","wfacp_form_payment_button_typo_font_size_mobile":{"unit":"px","size":18,"sizes":[]},"elementor-shoppe_button_sub_text_font_size":{"unit":"px","size":"","sizes":[]},"wfacp_label_position":"wfacp-modern-label","default_link_hover_color":"#293EA8","expanded_order_summary_link_color":"#353030","wfacp_collapsible_margin_margin":{"unit":"px","top":"0","right":"0","bottom":"0","left":"0","isLinked":true},"wfacp_form_fields_label_typo_font_family":"Helvetica","wfacp_form_fields_input_typo_font_family":"Helvetica","order_summary_cart_item_typo_font_family":"Helvetica","order_summary_product_meta_typo_font_family":"Helvetica","order_summary_cart_total_label_typo_font_size_tablet":{"unit":"px","size":14,"sizes":[]},"order_summary_cart_subtotal_heading_typo_font_family":"Helvetica","order_coupon_btn_bg_hover_color":"#293EA8","form_heading_margin_margin_tablet":{"unit":"px","top":"0","right":"0","bottom":"12","left":"0","isLinked":false},"wfacp_elementor-shoppe_shipping_address_1_field":"wfacp-col-full","wfacp_elementor-shoppe_shipping_postcode_field":"wfacp-col-left-half","wfacp_elementor-shoppe_shipping_country_field":"wfacp-col-left-half","wfacp_elementor-shoppe_shipping_state_field":"wfacp-col-left-half","wfacp_elementor-shoppe_shipping_address_2_field":"wfacp-col-full","wfacp_elementor-shoppe_billing_address_1_field":"wfacp-col-full","wfacp_elementor-shoppe_billing_address_2_field":"wfacp-col-full","wfacp_elementor-shoppe_billing_postcode_field":"wfacp-col-left-half","wfacp_elementor-shoppe_billing_country_field":"wfacp-col-left-half","wfacp_elementor-shoppe_billing_state_field":"wfacp-col-left-half","_background_background":"classic","wfacp_elementor-shoppe-step-1-new_shipping_address_1_field":"wfacp-col-full","wfacp_elementor-shoppe-step-1-new_shipping_address_2_field":"wfacp-col-full","wfacp_elementor-shoppe-step-1-new_shipping_postcode_field":"wfacp-col-left-half","wfacp_elementor-shoppe-step-1-new_shipping_country_field":"wfacp-col-left-half","wfacp_elementor-shoppe-step-1-new_shipping_state_field":"wfacp-col-left-half","wfacp_elementor-shoppe-step-1-new_billing_address_1_field":"wfacp-col-full","wfacp_elementor-shoppe-step-1-new_billing_address_2_field":"wfacp-col-full","wfacp_elementor-shoppe-step-1-new_billing_postcode_field":"wfacp-col-left-half","wfacp_elementor-shoppe-step-1-new_billing_country_field":"wfacp-col-left-half","wfacp_elementor-shoppe-step-1-new_billing_state_field":"wfacp-col-left-half","wfacp_elementor-shoppe-step-1-new_billing_email_field":"wfacp-col-full","wfacp_elementor-shoppe-step-1-new_billing_first_name_field":"wfacp-col-left-half","wfacp_elementor-shoppe-step-1-new_billing_last_name_field":"wfacp-col-left-half","wfacp_elementor-shoppe-step-1-new_shipping_city_field":"wfacp-col-left-half","wfacp_elementor-shoppe-step-1-new_billing_city_field":"wfacp-col-left-half","wfacp_elementor-shoppe-step-1-new_billing_phone_field":"wfacp-col-full","elementor-shoppe-step-1-new_btn_icon_color":"#ffffff","elementor-shoppe-step-1-new_button_sub_text_font_size":{"unit":"px","size":12,"sizes":[]},"elementor-shoppe-step-1-new_button_sub_text_font_size_tablet":{"unit":"px","size":12,"sizes":[]},"elementor-shoppe-step-1-new_button_sub_text_font_size_mobile":{"unit":"px","size":12,"sizes":[]},"elementor-shoppe-step-1-new_button_sub_text_color":"#ffffff","wfacp_elementor-shoppe-step-1-new_billing_email_field_class":"","wfacp_elementor-shoppe-step-1-new_billing_first_name_field_class":"","wfacp_elementor-shoppe-step-1-new_billing_last_name_field_class":"","wfacp_elementor-shoppe-step-1-new_shipping_address_1_field_class":"","wfacp_elementor-shoppe-step-1-new_shipping_address_2_field_class":"","wfacp_elementor-shoppe-step-1-new_shipping_city_field_class":"","wfacp_elementor-shoppe-step-1-new_shipping_postcode_field_class":"","wfacp_elementor-shoppe-step-1-new_shipping_country_field_class":"","wfacp_elementor-shoppe-step-1-new_shipping_state_field_class":"","wfacp_elementor-shoppe-step-1-new_billing_address_1_field_class":"","wfacp_elementor-shoppe-step-1-new_billing_address_2_field_class":"","wfacp_elementor-shoppe-step-1-new_billing_city_field_class":"","wfacp_elementor-shoppe-step-1-new_billing_postcode_field_class":"","wfacp_elementor-shoppe-step-1-new_billing_country_field_class":"","wfacp_elementor-shoppe-step-1-new_billing_state_field_class":"","wfacp_elementor-shoppe-step-1-new_billing_phone_field_class":""},"elements":[],"widgetType":"wfacp_form"}],"isInner":false,"elType":"column"},{"id":"181fd76d","settings":{"_column_size":50,"_inline_size":41.956,"background_background":"classic","margin":{"unit":"%","top":"0","right":"0","bottom":"0","left":"0","isLinked":false},"padding":{"unit":"px","top":"36","right":"0","bottom":"24","left":"36","isLinked":false},"border_width":{"unit":"px","top":"0","right":"0","bottom":"0","left":"1","isLinked":false},"border_width_tablet":{"unit":"px","top":"01","right":"0","bottom":"01","left":"01","isLinked":false},"border_color":"#E1E1E1","padding_tablet":{"unit":"px","top":"0","right":"0","bottom":"20","left":"0","isLinked":false},"__globals__":{"border_color":"","background_color":""},"motion_fx_motion_fx_scrolling":"yes","margin_tablet":{"unit":"px","top":"0","right":"0","bottom":"0","left":"0","isLinked":false},"background_color":"#FAFAFA","_inline_size_tablet":100,"padding_mobile":{"unit":"px","top":"0","right":"0","bottom":"16","left":"0","isLinked":false}},"elements":[{"id":"7eabf110","settings":{"layout":"full_width","background_background":"classic","border_color":"#E3E3E3","margin":{"unit":"px","top":"0","right":0,"bottom":"0","left":0,"isLinked":false},"padding":{"unit":"%","top":"0","right":"0","bottom":"0","left":"0","isLinked":false},"padding_tablet":{"unit":"%","top":"0","right":"0","bottom":"0","left":"0","isLinked":true},"padding_mobile":{"unit":"%","top":"","right":"","bottom":"","left":"","isLinked":true},"__globals__":{"background_color":""},"margin_tablet":{"unit":"px","top":"0","right":0,"bottom":"0","left":0,"isLinked":false},"hide_mobile":"hidden-mobile"},"elements":[{"id":"6b093037","settings":{"_column_size":100,"_inline_size":100,"padding":{"unit":"%","top":"0","right":"0","bottom":"0","left":"0","isLinked":false},"padding_tablet":{"unit":"px","top":"25","right":"30","bottom":"10","left":"20","isLinked":false},"padding_mobile":{"unit":"px","top":"30","right":"15","bottom":"30","left":"15","isLinked":false},"_inline_size_tablet":100,"hide_tablet":"hidden-tablet","hide_mobile":"hidden-mobile","margin_tablet":{"unit":"px","top":"0","right":"0","bottom":"0","left":"0","isLinked":false}},"elements":[{"id":"578ed464","elType":"widget","settings":{"mini_cart_heading":"","mini_cart_coupon_button_text":"Apply","mini_cart_product_color":"#353030","mini_cart_product_meta_typo_typography":"custom","mini_cart_product_meta_typo_font_family":"Helvetica","mini_cart_product_meta_typo_font_weight":"400","mini_cart_product_meta_color":"#353030","mini_cart_total_label_typo_typography":"custom","mini_cart_total_label_typo_font_size":{"unit":"px","size":14,"sizes":[]},"mini_cart_total_label_typo_font_weight":"500","mini_cart_total_typo_typography":"custom","mini_cart_total_typo_font_size":{"unit":"px","size":22,"sizes":[]},"mini_cart_total_typo_font_weight":"400","mini_cart_total_color":"#353030","wfacp_mini_cart_font_family":"Helvetica","_offset_orientation_h":"end","_element_width":"initial","_element_custom_width":{"unit":"px","size":"","sizes":[]},"enable_coupon":"yes","enable_coupon_collapsible":"","wfacp_form_mini_cart_coupon_focus_color":"#4B61D1","mini_cart_coupon_btn_color":"#4B61D1","enable_quantity_box":"yes","enable_delete_item":"yes","mini_cart_section_typo_typography":"custom","mini_cart_section_typo_font_family":"Helvetica","mini_cart_section_typo_font_weight":"500","mini_cart_coupon_btn_lable_hover_color":"#293EA8","wfacp_form_mini_cart_coupon_button_typo_typography":"custom","wfacp_form_mini_cart_coupon_button_typo_font_family":"Helvetica","wfacp_form_mini_cart_coupon_button_typo_font_size":{"unit":"px","size":18,"sizes":[]},"wfacp_form_mini_cart_coupon_button_typo_font_weight":"500","_margin":{"unit":"px","top":"0","right":"0","bottom":"0","left":"0","isLinked":false},"_padding":{"unit":"px","top":"0","right":"0","bottom":"16","left":"0","isLinked":false},"mini_cart_product_typo_typography":"custom","mini_cart_product_typo_font_family":"Helvetica","mini_cart_product_typo_font_weight":"500","wfacp_form_mini_cart_coupon_label_typo_typography":"custom","wfacp_form_mini_cart_coupon_label_typo_font_family":"Helvetica","wfacp_form_mini_cart_coupon_label_typo_font_weight":"500","wfacp_form_mini_cart_coupon_input_typo_typography":"custom","wfacp_form_mini_cart_coupon_input_typo_font_family":"Helvetica","wfacp_form_mini_cart_coupon_input_typo_font_weight":"500","mini_cart_total_label_typo_font_family":"Helvetica","mini_cart_total_typo_font_family":"Helvetica","mini_cart_product_image_border_radius_border_radius":{"unit":"px","top":"4","right":"4","bottom":"4","left":"4","isLinked":true},"mini_cart_coupon_display_label_color":"#353030"},"elements":[],"widgetType":"wfacp_form_summary"}],"isInner":true,"elType":"column"}],"isInner":true,"elType":"section"},{"id":"769b9998","settings":{"layout":"full_width","background_background":"classic","border_color":"#E3E3E3","margin":{"unit":"px","top":"8","right":0,"bottom":"0","left":0,"isLinked":false},"padding":{"unit":"%","top":"0","right":"0","bottom":"0","left":"0","isLinked":false},"padding_tablet":{"unit":"%","top":"0","right":"0","bottom":"0","left":"0","isLinked":true},"padding_mobile":{"unit":"%","top":"","right":"","bottom":"","left":"","isLinked":true},"__globals__":{"background_color":""},"margin_tablet":{"unit":"px","top":"0","right":0,"bottom":"0","left":0,"isLinked":false}},"elements":[{"id":"192f084c","settings":{"_column_size":100,"_inline_size":100,"padding":{"unit":"%","top":"0","right":"0","bottom":"0","left":"0","isLinked":false},"padding_tablet":{"unit":"px","top":"30","right":"30","bottom":"10","left":"20","isLinked":false},"padding_mobile":{"unit":"px","top":"24","right":"16","bottom":"24","left":"16","isLinked":false},"_inline_size_tablet":100},"elements":[{"id":"21a3e501","settings":{"title":"Why Over 150K+ Customers Love Shoppe\n","header_size":"div","align":"left","title_color":"#353030","typography_typography":"custom","typography_font_family":"Helvetica","typography_font_size":{"unit":"px","size":18,"sizes":[]},"typography_font_weight":"700","typography_text_transform":"capitalize","_margin":{"unit":"px","top":"6","right":"0","bottom":"24","left":"0","isLinked":false},"typography_font_size_mobile":{"unit":"px","size":16,"sizes":[]},"_margin_mobile":{"unit":"px","top":"0","right":"0","bottom":"0","left":"0","isLinked":false},"typography_line_height_mobile":{"unit":"em","size":1.3,"sizes":[]}},"elements":[],"isInner":false,"widgetType":"heading","elType":"widget"}],"isInner":true,"elType":"column"}],"isInner":true,"elType":"section"},{"id":"2ca59190","settings":{"layout":"full_width","background_background":"classic","border_color":"#E3E3E3","margin":{"unit":"px","top":"0","right":0,"bottom":"0","left":0,"isLinked":false},"padding":{"unit":"%","top":"0","right":"0","bottom":"0","left":"0","isLinked":false},"padding_tablet":{"unit":"px","top":"10","right":"30","bottom":"20","left":"30","isLinked":false},"padding_mobile":{"unit":"px","top":"0","right":"16","bottom":"16","left":"16","isLinked":false},"__globals__":{"background_color":""},"margin_tablet":{"unit":"px","top":"0","right":0,"bottom":"0","left":0,"isLinked":false},"structure":"20"},"elements":[{"id":"73f862c3","settings":{"_column_size":50,"_inline_size":14,"padding":{"unit":"%","top":"0","right":"0","bottom":"0","left":"0","isLinked":false},"padding_tablet":{"unit":"px","top":"0","right":"0","bottom":"0","left":"0","isLinked":false},"padding_mobile":{"unit":"px","top":"0","right":"5","bottom":"0","left":"0","isLinked":false},"_inline_size_tablet":10,"_inline_size_mobile":18},"elements":[{"id":"4f054082","settings":{"image":{"url":"https:\/\/d3ldyx3r2ad3ic.cloudfront.net\/templates\/template-assets\/images\/shoppe\/gurantee-icon-new.svg","id":"","source":"url","size":""},"align":"left","width":{"unit":"px","size":"","sizes":[]},"width_tablet":{"unit":"px","size":"","sizes":[]},"width_mobile":{"unit":"px","size":"","sizes":[]},"space":{"unit":"px","size":"","sizes":[]},"space_tablet":{"unit":"px","size":"","sizes":[]},"space_mobile":{"unit":"px","size":"","sizes":[]},"css_filters_brightness":{"unit":"px","size":0,"sizes":[]},"css_filters_contrast":{"unit":"px","size":140,"sizes":[]},"css_filters_saturate":{"unit":"px","size":155,"sizes":[]},"css_filters_hue":{"unit":"px","size":224,"sizes":[]},"_margin_mobile":{"unit":"px","top":"0","right":"0","bottom":"0","left":"0","isLinked":false},"_padding_mobile":{"unit":"px","top":"0","right":"0","bottom":"0","left":"0","isLinked":false}},"elements":[],"isInner":false,"widgetType":"image","elType":"widget"}],"isInner":true,"elType":"column"},{"id":"3b9801e8","settings":{"_column_size":50,"_inline_size":85.998,"padding":{"unit":"%","top":"0","right":"0","bottom":"0","left":"0","isLinked":false},"padding_tablet":{"unit":"px","top":"0","right":"0","bottom":"0","left":"0","isLinked":false},"padding_mobile":{"unit":"px","top":"0","right":"0","bottom":"0","left":"0","isLinked":false},"_inline_size_tablet":90,"_inline_size_mobile":82},"elements":[{"id":"20a3a59c","settings":{"title":"30 Days Satisfaction Gaurantee","header_size":"div","title_color":"#353030","typography_typography":"custom","typography_font_family":"Helvetica","typography_font_size":{"unit":"px","size":14,"sizes":[]},"typography_font_weight":"600","_margin":{"unit":"px","top":"0","right":"0","bottom":"-10","left":"0","isLinked":false},"_padding":{"unit":"px","top":"0","right":"0","bottom":"0","left":"0","isLinked":false},"typography_line_height":{"unit":"em","size":1.5,"sizes":[]}},"elements":[],"isInner":false,"widgetType":"heading","elType":"widget"},{"id":"19959dff","settings":{"title":"Don't like something? Sent it back no questions asked! Just email@shoppe.com and we'll take care","header_size":"div","title_color":"#353030","typography_typography":"custom","typography_font_family":"Helvetica","typography_font_size":{"unit":"px","size":14,"sizes":[]},"typography_font_weight":"400","typography_line_height":{"unit":"em","size":1.4,"sizes":[]},"_margin":{"unit":"px","top":"-4","right":"0","bottom":"0","left":"0","isLinked":false}},"elements":[],"isInner":false,"widgetType":"heading","elType":"widget"}],"isInner":true,"elType":"column"}],"isInner":true,"elType":"section"},{"id":"30101fd6","settings":{"layout":"full_width","background_background":"classic","border_color":"#E3E3E3","margin":{"unit":"px","top":"24","right":0,"bottom":"0","left":0,"isLinked":false},"padding":{"unit":"%","top":"0","right":"0","bottom":"0","left":"0","isLinked":false},"padding_tablet":{"unit":"px","top":"0","right":"30","bottom":"20","left":"30","isLinked":false},"padding_mobile":{"unit":"px","top":"8","right":"16","bottom":"16","left":"16","isLinked":false},"__globals__":{"background_color":""},"margin_tablet":{"unit":"px","top":"0","right":0,"bottom":"0","left":0,"isLinked":false},"structure":"20"},"elements":[{"id":"1a76c0c6","settings":{"_column_size":50,"_inline_size":14,"padding":{"unit":"%","top":"0","right":"0","bottom":"0","left":"0","isLinked":false},"padding_tablet":{"unit":"px","top":"0","right":"0","bottom":"0","left":"0","isLinked":false},"padding_mobile":{"unit":"px","top":"0","right":"5","bottom":"0","left":"0","isLinked":false},"_inline_size_tablet":10,"_inline_size_mobile":18},"elements":[{"id":"107d7aea","settings":{"image":{"url":"https:\/\/d3ldyx3r2ad3ic.cloudfront.net\/templates\/template-assets\/images\/shoppe\/fast-ship-icon-new.svg","id":"","source":"url","size":""},"align":"left","width":{"unit":"px","size":"","sizes":[]},"width_tablet":{"unit":"px","size":"","sizes":[]},"width_mobile":{"unit":"px","size":"","sizes":[]},"space":{"unit":"px","size":"","sizes":[]},"space_tablet":{"unit":"px","size":"","sizes":[]},"space_mobile":{"unit":"px","size":"","sizes":[]}},"elements":[],"isInner":false,"widgetType":"image","elType":"widget"}],"isInner":true,"elType":"column"},{"id":"11638c46","settings":{"_column_size":50,"_inline_size":85.998,"padding":{"unit":"%","top":"0","right":"0","bottom":"0","left":"0","isLinked":false},"padding_tablet":{"unit":"px","top":"0","right":"0","bottom":"0","left":"0","isLinked":false},"padding_mobile":{"unit":"px","top":"0","right":"0","bottom":"0","left":"0","isLinked":false},"_inline_size_tablet":90,"_inline_size_mobile":82},"elements":[{"id":"74cfc78d","settings":{"title":"Fast Shipping","header_size":"div","title_color":"#353030","typography_typography":"custom","typography_font_family":"Helvetica","typography_font_size":{"unit":"px","size":14,"sizes":[]},"typography_font_weight":"600","_margin":{"unit":"px","top":"0","right":"0","bottom":"-10","left":"0","isLinked":false},"_padding":{"unit":"px","top":"0","right":"0","bottom":"0","left":"0","isLinked":false},"typography_line_height":{"unit":"em","size":1.5,"sizes":[]}},"elements":[],"isInner":false,"widgetType":"heading","elType":"widget"},{"id":"1f64e852","settings":{"title":"All orders are shipped from local warehouse","header_size":"div","title_color":"#353030","typography_typography":"custom","typography_font_family":"Helvetica","typography_font_size":{"unit":"px","size":14,"sizes":[]},"typography_font_weight":"400","typography_line_height":{"unit":"em","size":1.4,"sizes":[]},"_margin":{"unit":"px","top":"-4","right":"0","bottom":"0","left":"0","isLinked":false}},"elements":[],"isInner":false,"widgetType":"heading","elType":"widget"}],"isInner":true,"elType":"column"}],"isInner":true,"elType":"section"},{"id":"29c51ba4","settings":{"layout":"full_width","background_background":"classic","border_color":"#E3E3E3","margin":{"unit":"px","top":"24","right":0,"bottom":"0","left":0,"isLinked":false},"padding":{"unit":"%","top":"0","right":"0","bottom":"0","left":"0","isLinked":false},"padding_tablet":{"unit":"px","top":"0","right":"30","bottom":"20","left":"30","isLinked":false},"padding_mobile":{"unit":"px","top":"8","right":"16","bottom":"16","left":"16","isLinked":false},"__globals__":{"background_color":""},"margin_tablet":{"unit":"px","top":"0","right":0,"bottom":"0","left":0,"isLinked":false},"structure":"20"},"elements":[{"id":"2eb614bc","settings":{"_column_size":50,"_inline_size":14,"padding":{"unit":"%","top":"0","right":"0","bottom":"0","left":"0","isLinked":false},"padding_tablet":{"unit":"px","top":"0","right":"0","bottom":"0","left":"0","isLinked":false},"padding_mobile":{"unit":"px","top":"0","right":"2","bottom":"0","left":"0","isLinked":false},"_inline_size_tablet":10,"_inline_size_mobile":18},"elements":[{"id":"5178eb25","settings":{"image":{"url":"https:\/\/d3ldyx3r2ad3ic.cloudfront.net\/templates\/template-assets\/images\/shoppe\/quality-assured-icon-new.svg","id":"","source":"url","size":""},"align":"left","width":{"unit":"px","size":"","sizes":[]},"width_tablet":{"unit":"px","size":"","sizes":[]},"width_mobile":{"unit":"px","size":"","sizes":[]},"space":{"unit":"px","size":"","sizes":[]},"space_tablet":{"unit":"px","size":"","sizes":[]},"space_mobile":{"unit":"px","size":"","sizes":[]}},"elements":[],"isInner":false,"widgetType":"image","elType":"widget"}],"isInner":true,"elType":"column"},{"id":"57cdd9e0","settings":{"_column_size":50,"_inline_size":85.998,"padding":{"unit":"%","top":"0","right":"0","bottom":"0","left":"0","isLinked":false},"padding_tablet":{"unit":"px","top":"0","right":"0","bottom":"0","left":"0","isLinked":false},"padding_mobile":{"unit":"px","top":"0","right":"0","bottom":"0","left":"0","isLinked":false},"_inline_size_tablet":90,"_inline_size_mobile":82},"elements":[{"id":"27d8e891","settings":{"title":"Quality Assured Products","header_size":"div","title_color":"#353030","typography_typography":"custom","typography_font_family":"Helvetica","typography_font_size":{"unit":"px","size":14,"sizes":[]},"typography_font_weight":"600","_margin":{"unit":"px","top":"0","right":"0","bottom":"-10","left":"0","isLinked":false},"_padding":{"unit":"px","top":"0","right":"0","bottom":"0","left":"0","isLinked":false},"typography_line_height":{"unit":"em","size":1.5,"sizes":[]}},"elements":[],"isInner":false,"widgetType":"heading","elType":"widget"},{"id":"47413ac5","settings":{"title":"All products go through rigorous testing ensure that our customers recieve the highest quality products.","header_size":"div","title_color":"#353030","typography_typography":"custom","typography_font_family":"Helvetica","typography_font_size":{"unit":"px","size":14,"sizes":[]},"typography_font_weight":"400","typography_line_height":{"unit":"em","size":1.4,"sizes":[]},"_margin":{"unit":"px","top":"-4","right":"0","bottom":"0","left":"0","isLinked":false}},"elements":[],"isInner":false,"widgetType":"heading","elType":"widget"}],"isInner":true,"elType":"column"}],"isInner":true,"elType":"section"},{"id":"40b1096e","settings":{"layout":"full_width","background_background":"classic","border_color":"#E3E3E3","margin":{"unit":"px","top":"24","right":0,"bottom":"0","left":0,"isLinked":false},"padding":{"unit":"%","top":"0","right":"0","bottom":"0","left":"0","isLinked":false},"padding_tablet":{"unit":"px","top":"0","right":"30","bottom":"10","left":"30","isLinked":false},"padding_mobile":{"unit":"px","top":"8","right":"16","bottom":"8","left":"16","isLinked":false},"__globals__":{"background_color":""},"margin_tablet":{"unit":"px","top":"0","right":0,"bottom":"0","left":0,"isLinked":false},"structure":"20"},"elements":[{"id":"55ba0c82","settings":{"_column_size":50,"_inline_size":14,"padding":{"unit":"%","top":"0","right":"0","bottom":"0","left":"0","isLinked":false},"padding_tablet":{"unit":"px","top":"0","right":"0","bottom":"0","left":"0","isLinked":false},"padding_mobile":{"unit":"px","top":"0","right":"5","bottom":"0","left":"0","isLinked":false},"_inline_size_tablet":10,"_inline_size_mobile":18},"elements":[{"id":"13f772dc","settings":{"image":{"url":"https:\/\/d3ldyx3r2ad3ic.cloudfront.net\/templates\/template-assets\/images\/shoppe\/customer-service-icon-new.svg","id":"","source":"url","size":""},"align":"left","width":{"unit":"px","size":"","sizes":[]},"width_tablet":{"unit":"px","size":"","sizes":[]},"width_mobile":{"unit":"px","size":"","sizes":[]},"space":{"unit":"px","size":"","sizes":[]},"space_tablet":{"unit":"px","size":"","sizes":[]},"space_mobile":{"unit":"px","size":"","sizes":[]}},"elements":[],"isInner":false,"widgetType":"image","elType":"widget"}],"isInner":true,"elType":"column"},{"id":"465d9e46","settings":{"_column_size":50,"_inline_size":85.998,"padding":{"unit":"%","top":"0","right":"0","bottom":"0","left":"0","isLinked":false},"padding_tablet":{"unit":"px","top":"0","right":"0","bottom":"0","left":"0","isLinked":false},"padding_mobile":{"unit":"px","top":"0","right":"0","bottom":"0","left":"0","isLinked":false},"_inline_size_tablet":90,"_inline_size_mobile":82},"elements":[{"id":"6236ff71","settings":{"title":"Passionate Customer Service","header_size":"div","title_color":"#353030","typography_typography":"custom","typography_font_family":"Helvetica","typography_font_size":{"unit":"px","size":14,"sizes":[]},"typography_font_weight":"600","_margin":{"unit":"px","top":"0","right":"0","bottom":"-10","left":"0","isLinked":false},"_padding":{"unit":"px","top":"0","right":"0","bottom":"0","left":"0","isLinked":false},"typography_line_height":{"unit":"em","size":1.5,"sizes":[]}},"elements":[],"isInner":false,"widgetType":"heading","elType":"widget"},{"id":"39ab8b2c","settings":{"title":"Call us at +1-202-555-0174 between 9:00 AM - 6:00 PM local time for any support","header_size":"div","title_color":"#353030","typography_typography":"custom","typography_font_family":"Helvetica","typography_font_size":{"unit":"px","size":14,"sizes":[]},"typography_font_weight":"400","typography_line_height":{"unit":"em","size":1.4,"sizes":[]},"_margin":{"unit":"px","top":"-4","right":"0","bottom":"0","left":"0","isLinked":false}},"elements":[],"isInner":false,"widgetType":"heading","elType":"widget"}],"isInner":true,"elType":"column"}],"isInner":true,"elType":"section"}],"isInner":false,"elType":"column"}],"isInner":false,"elType":"section"},{"id":"5b7ffc75","settings":{"structure":"20","column_position":"stretch","custom_height":{"unit":"px","size":"","sizes":[]},"background_background":"gradient","padding":{"unit":"px","top":"0","right":"0","bottom":"0","left":"0","isLinked":false},"content_width":{"unit":"px","size":1100,"sizes":[]},"background_color":"#FFFFFF","background_color_stop":{"unit":"%","size":50,"sizes":[]},"background_color_b":"#FAFAFA","background_color_b_stop":{"unit":"%","size":50,"sizes":[]},"background_gradient_angle":{"unit":"deg","size":90,"sizes":[]},"height":"min-height"},"elements":[{"id":"5a79f02e","settings":{"_column_size":50,"_inline_size":58,"margin":{"unit":"%","top":"0","right":"0","bottom":"0","left":"0","isLinked":false},"padding":{"unit":"px","top":"0","right":"66","bottom":"8","left":"0","isLinked":false},"margin_tablet":{"unit":"px","top":"0","right":"0","bottom":"0","left":"0","isLinked":false},"padding_tablet":{"unit":"px","top":"25","right":"20","bottom":"10","left":"30","isLinked":false},"padding_mobile":{"unit":"px","top":"0","right":"0","bottom":"12","left":"0","isLinked":false},"space_between_widgets_mobile":0,"border_width":{"unit":"px","top":"0","right":"1","bottom":"0","left":"0","isLinked":false},"border_color":"#E1E1E1","background_background":"classic","__globals__":{"background_color":""},"background_color":"#FFFFFF","border_border":"solid","_inline_size_tablet":100},"elements":[{"id":"5940cfc1","settings":{"view":"inline","icon_list":[{"text":"<a href=\"#\" style=\"color:inherit\">Refund Policy<\/a>","selected_icon":{"value":"","library":""},"_id":"07a7a6b"},{"text":"<a href=\"#\" style=\"color:inherit\">Privacy Policy<\/a>","selected_icon":{"value":"","library":""},"_id":"a39cb77"},{"text":"<a href=\"#\" style=\"color:inherit\">Terms of Service<\/a>","selected_icon":{"value":"","library":""},"_id":"779d7da"}],"space_between":{"unit":"px","size":16,"sizes":[]},"icon_align":"left","icon_size":{"unit":"px","size":6,"sizes":[]},"text_color":"#353030","text_indent":{"unit":"px","size":0,"sizes":[]},"icon_typography_typography":"custom","icon_typography_font_family":"Helvetica","icon_typography_font_size":{"unit":"px","size":12,"sizes":[]},"icon_typography_font_weight":"400","_margin":{"unit":"px","top":"0","right":"0","bottom":"4","left":"0","isLinked":false},"custom_css":"#clr li a{ color:#777;}","_css_classes":"clr","icon_typography_line_height_mobile":{"unit":"px","size":12,"sizes":[]},"space_between_mobile":{"unit":"px","size":15,"sizes":[]},"icon_align_mobile":"center","_margin_mobile":{"unit":"px","top":"0","right":"0","bottom":"0","left":"0","isLinked":false},"_padding":{"unit":"px","top":"12","right":"0","bottom":"0","left":"0","isLinked":false},"_border_border":"solid","_border_width":{"unit":"px","top":"1","right":"0","bottom":"0","left":"0","isLinked":false},"_border_color":"#E6E6E6","icon_align_tablet":"center","_padding_mobile":{"unit":"px","top":"16","right":"0","bottom":"12","left":"0","isLinked":false}},"elements":[],"isInner":false,"widgetType":"icon-list","elType":"widget"}],"isInner":false,"elType":"column"},{"id":"17eecbb","settings":{"_column_size":50,"_inline_size":41.956,"background_background":"classic","margin":{"unit":"%","top":"0","right":"0","bottom":"0","left":"0","isLinked":false},"padding":{"unit":"%","top":"2","right":"10","bottom":"0","left":"2","isLinked":false},"border_width":{"unit":"px","top":"0","right":"0","bottom":"0","left":"1","isLinked":false},"border_width_tablet":{"unit":"px","top":"01","right":"0","bottom":"01","left":"01","isLinked":false},"border_color":"#E1E1E1","padding_tablet":{"unit":"px","top":"0","right":"0","bottom":"0","left":"0","isLinked":false},"__globals__":{"border_color":"","background_color":""},"hide_mobile":"hidden-mobile","motion_fx_motion_fx_scrolling":"yes","margin_tablet":{"unit":"px","top":"0","right":"0","bottom":"0","left":"0","isLinked":false},"background_color":"#FAFAFA","border_border":"solid","hide_tablet":"hidden-tablet"},"elements":[],"isInner":false,"elType":"column"}],"isInner":false,"elType":"section"}],"settings":{"template":"wfacp-canvas.php"},"metadata":[]}