{"content":[{"id":"2d7117f8","settings":{"structure":"20","column_position":"stretch","custom_height":{"unit":"vh","size":"","sizes":[]},"background_background":"gradient","padding":{"unit":"px","top":"0","right":"0","bottom":"0","left":"0","isLinked":false},"height":"min-height","custom_height_tablet":{"unit":"vh","size":"","sizes":[]},"custom_height_mobile":{"unit":"vh","size":"","sizes":[]},"content_width":{"unit":"px","size":1100,"sizes":[]},"background_color":"#FFFFFF","background_color_stop":{"unit":"%","size":50,"sizes":[]},"background_color_b_stop":{"unit":"%","size":50,"sizes":[]},"background_gradient_angle":{"unit":"deg","size":90,"sizes":[]},"__globals__":{"background_color_b":"globals\/colors?id=2f06e8b"}},"elements":[{"id":"538da9b3","settings":{"_column_size":50,"_inline_size":58,"margin":{"unit":"%","top":"0","right":"0","bottom":"0","left":"0","isLinked":false},"padding":{"unit":"px","top":"63","right":"66","bottom":"0","left":"0","isLinked":false},"margin_tablet":{"unit":"px","top":"0","right":"0","bottom":"0","left":"0","isLinked":false},"padding_tablet":{"unit":"px","top":"25","right":"30","bottom":"30","left":"30","isLinked":false},"padding_mobile":{"unit":"px","top":"24","right":"16","bottom":"30","left":"16","isLinked":false},"space_between_widgets_mobile":0,"border_width":{"unit":"px","top":"0","right":"1","bottom":"0","left":"0","isLinked":false},"border_color":"#E1E1E1","background_background":"classic","__globals__":{"background_color":""},"background_color":"#FFFFFF","border_border":"solid","_inline_size_tablet":100,"border_width_tablet":{"unit":"px","top":"0","right":"0","bottom":"0","left":"0","isLinked":true}},"elements":[{"id":"2df86c05","settings":{"image":{"url":"https:\/\/npc-eksamen.dk\/wp-content\/uploads\/2024\/12\/462552343_555046634141776_4591134266737153548_n-1.png","id":83,"source":"library","size":"","alt":""},"image_size":"full","align":"center","space":{"unit":"px","size":300,"sizes":[]},"space_tablet":{"unit":"px","size":"","sizes":[]},"space_mobile":{"unit":"px","size":"","sizes":[]},"_margin":{"unit":"px","top":"0","right":"0","bottom":"0","left":"0","isLinked":false},"_margin_mobile":{"unit":"px","top":"0","right":"0","bottom":"0","left":"0","isLinked":true},"width":{"unit":"%","size":100,"sizes":[]},"link_to":"custom","link":{"url":"https:\/\/npc-eksamen.dk\/","is_external":"","nofollow":"","custom_attributes":""}},"elements":[],"isInner":false,"widgetType":"image","elType":"widget"},{"id":"42d122d7","settings":{"content_position":"middle","structure":"20","margin":{"unit":"px","top":"24","right":0,"bottom":"24","left":0,"isLinked":false},"margin_tablet":{"unit":"px","top":"30","right":0,"bottom":"30","left":0,"isLinked":false},"padding":{"unit":"px","top":"0","right":"0","bottom":"0","left":"0","isLinked":true},"margin_mobile":{"unit":"px","top":"36","right":0,"bottom":"24","left":0,"isLinked":false}},"elements":[{"id":"51fd8589","settings":{"_column_size":50,"_inline_size":8,"margin":{"unit":"%","top":"0","right":"0","bottom":"0","left":"0","isLinked":false},"_inline_size_mobile":18,"margin_tablet":{"unit":"px","top":"0","right":"0","bottom":"0","left":"0","isLinked":true},"_inline_size_tablet":8,"padding_tablet":{"unit":"px","top":"10","right":"10","bottom":"10","left":"0","isLinked":false},"padding":{"unit":"px","top":"0","right":"0","bottom":"0","left":"0","isLinked":false},"padding_mobile":{"unit":"px","top":"0","right":"0","bottom":"0","left":"0","isLinked":false}},"elements":[{"id":"64ff36a1","settings":{"selected_icon":{"value":"far fa-check-circle","library":"fa-regular"},"align":"left","size":{"unit":"px","size":48,"sizes":[]},"_margin":{"unit":"px","top":"0","right":"0","bottom":"0","left":"0","isLinked":false},"_margin_tablet":{"unit":"px","top":"0","right":"0","bottom":"0","left":"0","isLinked":true},"__globals__":{"primary_color":"globals\/colors?id=88aa344"}},"elements":[],"isInner":false,"widgetType":"icon","elType":"widget"}],"isInner":true,"elType":"column"},{"id":"c33717c","settings":{"_column_size":50,"_inline_size":92,"margin":{"unit":"%","top":"0","right":"0","bottom":"0","left":"0","isLinked":false},"_inline_size_mobile":82,"margin_tablet":{"unit":"px","top":"0","right":"0","bottom":"0","left":"0","isLinked":true},"padding_mobile":{"unit":"px","top":"0","right":"0","bottom":"0","left":"0","isLinked":false},"_inline_size_tablet":86,"padding":{"unit":"px","top":"0","right":"0","bottom":"0","left":"16","isLinked":false}},"elements":[{"id":"60b70f8c","settings":{"editor":"<p>Ordre #[wfty_order_number]<\/p>","text_color":"#353030","typography_typography":"custom","typography_font_family":"Glober True","typography_font_size":{"unit":"px","size":15,"sizes":[]},"typography_font_weight":"500","_margin":{"unit":"px","top":"0","right":"0","bottom":"-12","left":"0","isLinked":false},"_margin_mobile":{"unit":"px","top":"0","right":"0","bottom":"-12","left":"0","isLinked":false}},"elements":[],"isInner":false,"widgetType":"text-editor","elType":"widget"},{"id":"44e06b09","settings":{"editor":"<p>Tak [wfty_customer_first_name] for dit k\u00f8b!<\/p>","text_color":"#353030","typography_typography":"custom","typography_font_family":"Glober True","typography_font_size":{"unit":"px","size":24,"sizes":[]},"typography_font_weight":"600","_margin":{"unit":"px","top":"-8","right":"0","bottom":"0","left":"0","isLinked":false},"_margin_mobile":{"unit":"px","top":"-12","right":"0","bottom":"0","left":"0","isLinked":false},"typography_font_size_mobile":{"unit":"px","size":22,"sizes":[]}},"elements":[],"isInner":false,"widgetType":"text-editor","elType":"widget"}],"isInner":true,"elType":"column"}],"isInner":true,"elType":"section"},{"id":"e9e74e5","settings":{"margin":{"unit":"px","top":"0","right":0,"bottom":"24","left":0,"isLinked":false},"border_border":"solid","border_width":{"unit":"px","top":"1","right":"1","bottom":"1","left":"1","isLinked":true},"border_color":"#E1E1E1","border_radius":{"unit":"px","top":"8","right":"8","bottom":"8","left":"8","isLinked":true},"padding":{"unit":"px","top":"24","right":"24","bottom":"24","left":"24","isLinked":true},"padding_mobile":{"unit":"px","top":"15","right":"15","bottom":"15","left":"15","isLinked":true},"margin_mobile":{"unit":"px","top":"0","right":0,"bottom":"24","left":0,"isLinked":false}},"elements":[{"id":"ac0d3b5","settings":{"_column_size":100,"_inline_size":null,"border_width":{"unit":"px","top":"1","right":"1","bottom":"1","left":"1","isLinked":false},"border_color":"#D1D1D1","border_radius":{"unit":"px","top":"5","right":"5","bottom":"5","left":"5","isLinked":true},"padding":{"unit":"px","top":"0","right":"0","bottom":"0","left":"0","isLinked":true}},"elements":[{"id":"3fdb2683","settings":{"editor":"<p>Din ordre er bekr\u00e6ftet<\/p>","align_mobile":"left","text_color":"#353030","typography_typography":"custom","typography_font_family":"Glober True","typography_font_size":{"unit":"px","size":18,"sizes":[]},"typography_font_weight":"600","_margin":{"unit":"px","top":"0","right":"0","bottom":"-10","left":"0","isLinked":false},"typography_font_size_mobile":{"unit":"px","size":18,"sizes":[]}},"elements":[],"isInner":false,"widgetType":"text-editor","elType":"widget"},{"id":"28bf7212","settings":{"editor":"<p>Vi har accepteret din ordre, og vi er ved at g\u00f8re den klar. Der er sendt en bekr\u00e6ftelsesmail til <b>[wfty_customer_email]<\/b><\/p>","text_color":"#353030","typography_typography":"custom","typography_font_family":"Glober True","typography_font_size":{"unit":"px","size":14,"sizes":[]},"typography_font_weight":"400","typography_line_height":{"unit":"em","size":1.5,"sizes":[]},"_margin":{"unit":"px","top":"0","right":"0","bottom":"0","left":"0","isLinked":false}},"elements":[],"isInner":false,"widgetType":"text-editor","elType":"widget"}],"isInner":true,"elType":"column"}],"isInner":true,"elType":"section"},{"id":"37254897","elType":"widget","settings":{"customer_details_heading":"Kundeoplysninger","section_heading_color":"#353030","typography_section_heading_typography":"custom","typography_section_heading_font_family":"Glober True","typography_section_heading_font_size":{"unit":"px","size":18,"sizes":[]},"typography_section_heading_font_weight":"700","heading_color":"#353030","typography_heading_typography":"custom","typography_heading_font_family":"Helvetica","typography_heading_font_size":{"unit":"px","size":16,"sizes":[]},"typography_typography":"custom","_padding":{"unit":"px","top":"24","right":"24","bottom":"24","left":"24","isLinked":true},"_border_border":"solid","_border_width":{"unit":"px","top":"1","right":"1","bottom":"1","left":"1","isLinked":true},"_border_color":"#E1E1E1","_border_radius":{"unit":"px","top":"8","right":"8","bottom":"8","left":"8","isLinked":true},"_padding_mobile":{"unit":"px","top":"15","right":"15","bottom":"5","left":"15","isLinked":false},"typography_heading_font_weight":"500","typography_font_family":"Glober True","typography_font_size":{"unit":"px","size":14,"sizes":[]},"typography_heading_font_size_mobile":{"unit":"px","size":15,"sizes":[]},"text_color":"#353030","custom_css":"selector .elementor-widget-container{\n    font-family: Glober True !important;\n}"},"elements":[],"widgetType":"wfty-customer-detail"}],"isInner":false,"elType":"column"},{"id":"2e55a636","settings":{"_column_size":50,"_inline_size":41.956,"background_background":"classic","margin":{"unit":"%","top":"0","right":"0","bottom":"0","left":"0","isLinked":false},"padding":{"unit":"px","top":"50","right":"0","bottom":"0","left":"44","isLinked":false},"border_width":{"unit":"px","top":"0","right":"0","bottom":"0","left":"1","isLinked":false},"border_width_tablet":{"unit":"px","top":"01","right":"0","bottom":"01","left":"01","isLinked":false},"border_color":"#E1E1E1","padding_tablet":{"unit":"px","top":"0","right":"30","bottom":"30","left":"30","isLinked":false},"__globals__":{"border_color":"","background_color":"globals\/colors?id=2f06e8b"},"motion_fx_motion_fx_scrolling":"yes","margin_tablet":{"unit":"px","top":"0","right":"10","bottom":"0","left":"0","isLinked":false},"css_classes":"wfacp_sticky_class testing_here","_inline_size_tablet":100,"margin_mobile":{"unit":"px","top":"0","right":"0","bottom":"0","left":"0","isLinked":false},"padding_mobile":{"unit":"px","top":"30","right":"16","bottom":"30","left":"16","isLinked":false}},"elements":[{"id":"6c8af62d","settings":{"layout":"full_width","background_background":"classic","border_color":"#E3E3E3","margin":{"unit":"px","top":"0","right":0,"bottom":"0","left":0,"isLinked":false},"padding":{"unit":"%","top":"0","right":"0","bottom":"0","left":"0","isLinked":false},"padding_tablet":{"unit":"%","top":"0","right":"0","bottom":"0","left":"0","isLinked":true},"padding_mobile":{"unit":"%","top":"","right":"","bottom":"","left":"","isLinked":true},"sticky":"top","__globals__":{"background_color":""},"margin_tablet":{"unit":"px","top":"0","right":0,"bottom":"0","left":0,"isLinked":false},"css_classes":"wfacp_sticky_class","margin_mobile":{"unit":"px","top":"0","right":0,"bottom":"0","left":0,"isLinked":false},"sticky_on":[]},"elements":[{"id":"c4cbb4a","settings":{"_column_size":100,"_inline_size":100,"padding":{"unit":"%","top":"0","right":"0","bottom":"0","left":"0","isLinked":false},"padding_tablet":{"unit":"px","top":"25","right":"0","bottom":"10","left":"0","isLinked":false},"padding_mobile":{"unit":"px","top":"0","right":"0","bottom":"0","left":"0","isLinked":false},"_inline_size_tablet":100,"css_classes":"wfacp_sticky_class","margin_tablet":{"unit":"px","top":"10","right":"0","bottom":"10","left":"0","isLinked":false},"margin_mobile":{"unit":"px","top":"0","right":"0","bottom":"0","left":"0","isLinked":false}},"elements":[{"id":"51d44bb5","elType":"widget","settings":{"order_details_heading":"Ordreoplysninger","order_subscription_heading":"Subscription","order_download_heading":"Downloads","order_downloads_btn_text":"Download","heading_color":"#353030","typography_heading_typography":"custom","typography_heading_font_family":"Helvetica","typography_heading_font_size":{"unit":"px","size":18,"sizes":[]},"typography_heading_font_weight":"600","product_text_color":"#353030","product_typography_typography":"custom","product_typography_font_family":"Glober True","product_typography_font_size":{"unit":"px","size":17,"sizes":[]},"subtotal_text_color":"#353030","subtotal_typography_typography":"custom","subtotal_typography_font_family":"Glober True","subtotal_typography_line_height":{"unit":"em","size":1.3,"sizes":[]},"total_text_color":"#353030","total_typography_typography":"custom","total_typography_font_family":"Glober True","total_typography_font_weight":"500","variation_text_color":"#353030","variation_typography_typography":"custom","variation_typography_font_family":"Glober True","divider_color":"#E1E1E1","subtotal_typography_font_size":{"unit":"px","size":14,"sizes":[]},"_margin_tablet":{"unit":"px","top":"0","right":"0","bottom":"0","left":"0","isLinked":false},"product_typography_font_size_mobile":{"unit":"px","size":15,"sizes":[]},"total_typography_font_size_mobile":{"unit":"px","size":18,"sizes":[]},"variation_typography_font_size_mobile":{"unit":"px","size":11,"sizes":[]},"subtotal_typography_line_height_mobile":{"unit":"em","size":1.5,"sizes":[]},"subscription_text_color":"#353030","text_color":"#353030","_margin_mobile":{"unit":"px","top":"0","right":"0","bottom":"0","left":"0","isLinked":false}},"elements":[],"widgetType":"wfty-order-detail"}],"isInner":true,"elType":"column"}],"isInner":true,"elType":"section"}],"isInner":false,"elType":"column"}],"isInner":false,"elType":"section"},{"id":"20014c14","settings":{"structure":"20","column_position":"stretch","custom_height":{"unit":"px","size":"","sizes":[]},"background_background":"gradient","padding":{"unit":"px","top":"0","right":"0","bottom":"0","left":"0","isLinked":false},"content_width":{"unit":"px","size":1100,"sizes":[]},"background_color":"#FFFFFF","background_color_stop":{"unit":"%","size":50,"sizes":[]},"background_color_b_stop":{"unit":"%","size":50,"sizes":[]},"background_gradient_angle":{"unit":"deg","size":90,"sizes":[]},"height":"min-height","__globals__":{"background_color_b":"globals\/colors?id=2f06e8b"}},"elements":[{"id":"189814ae","settings":{"_column_size":50,"_inline_size":58,"margin":{"unit":"%","top":"0","right":"0","bottom":"0","left":"0","isLinked":false},"padding":{"unit":"px","top":"16","right":"66","bottom":"0","left":"0","isLinked":false},"margin_tablet":{"unit":"px","top":"0","right":"0","bottom":"0","left":"0","isLinked":false},"padding_tablet":{"unit":"px","top":"25","right":"20","bottom":"10","left":"30","isLinked":false},"padding_mobile":{"unit":"px","top":"24","right":"0","bottom":"8","left":"0","isLinked":false},"space_between_widgets_mobile":0,"border_width":{"unit":"px","top":"0","right":"1","bottom":"0","left":"0","isLinked":false},"border_color":"#E1E1E1","background_background":"classic","__globals__":{"background_color":""},"background_color":"#FFFFFF","border_border":"solid","_inline_size_tablet":100,"border_width_tablet":{"unit":"px","top":"0","right":"0","bottom":"0","left":"0","isLinked":true}},"elements":[{"id":"eb3426e","settings":{"view":"inline","icon_list":[{"text":"<a href=\"#\" style=\"color:inherit\">Refund policy<\/a>","selected_icon":{"value":"","library":""},"_id":"07a7a6b"},{"text":"<a href=\"#\" style=\"color:inherit\">Privacy policy<\/a>","selected_icon":{"value":"","library":""},"_id":"a39cb77"},{"text":"<a href=\"#\" style=\"color:inherit\">Terms of Service<\/a>","selected_icon":{"value":"","library":""},"_id":"779d7da"}],"space_between":{"unit":"px","size":16,"sizes":[]},"icon_align":"left","icon_size":{"unit":"px","size":6,"sizes":[]},"text_color":"#1D1D1F","text_indent":{"unit":"px","size":0,"sizes":[]},"icon_typography_typography":"custom","icon_typography_font_family":"Glober True","icon_typography_font_size":{"unit":"px","size":12,"sizes":[]},"icon_typography_font_weight":"400","_margin":{"unit":"px","top":"0","right":"0","bottom":"0","left":"0","isLinked":false},"custom_css":"#clr li a{ color:#777;}","_css_classes":"clr","icon_typography_line_height_mobile":{"unit":"px","size":12,"sizes":[]},"space_between_mobile":{"unit":"px","size":15,"sizes":[]},"icon_align_mobile":"center","_margin_mobile":{"unit":"px","top":"0","right":"16","bottom":"0","left":"16","isLinked":false},"_padding":{"unit":"px","top":"12","right":"0","bottom":"12","left":"0","isLinked":false},"_border_border":"solid","_border_width":{"unit":"px","top":"1","right":"0","bottom":"0","left":"0","isLinked":false},"_border_color":"#E6E6E6","icon_align_tablet":"center"},"elements":[],"isInner":false,"widgetType":"icon-list","elType":"widget"}],"isInner":false,"elType":"column"},{"id":"a2ee292","settings":{"_column_size":50,"_inline_size":41.956,"background_background":"classic","margin":{"unit":"%","top":"0","right":"0","bottom":"0","left":"0","isLinked":false},"padding":{"unit":"%","top":"2","right":"10","bottom":"0","left":"2","isLinked":false},"border_width":{"unit":"px","top":"0","right":"0","bottom":"0","left":"1","isLinked":false},"border_width_tablet":{"unit":"px","top":"01","right":"0","bottom":"01","left":"01","isLinked":false},"border_color":"#E1E1E1","padding_tablet":{"unit":"px","top":"0","right":"0","bottom":"0","left":"0","isLinked":false},"__globals__":{"border_color":"","background_color":""},"hide_mobile":"hidden-mobile","motion_fx_motion_fx_scrolling":"yes","margin_tablet":{"unit":"px","top":"0","right":"0","bottom":"0","left":"0","isLinked":false},"border_border":"solid","hide_tablet":"hidden-tablet"},"elements":[],"isInner":false,"elType":"column"}],"isInner":false,"elType":"section"}],"settings":{"template":"full-width-template.php","eael_ext_toc_title":"Table of Contents"},"metadata":[]}