{"content":[{"id":"4ec5fc29","settings":{"grid_columns_grid":{"unit":"fr","size":8},"grid_rows_grid":{"unit":"fr","size":"1"},"grid_rows_grid_mobile":{"unit":"fr","size":"1"},"min_height":{"unit":"px","size":0,"sizes":[]},"flex_direction":"row","hide_tablet":"hidden-tablet","hide_mobile":"hidden-mobile","presetTitle":"Container","presetIcon":"eicon-container","background_background":"classic","__globals__":{"background_color":"globals\/colors?id=c762090"},"margin":{"unit":"px","top":"0","right":"0","bottom":"0","left":"0","isLinked":false},"padding":{"unit":"px","top":"20","right":"0","bottom":"0","left":"0","isLinked":false},"z_index":0},"elements":[{"id":"1940f857","settings":{"grid_columns_grid":{"unit":"fr","size":"1"},"grid_rows_grid":{"unit":"fr","size":"2"},"grid_rows_grid_mobile":{"unit":"fr","size":"2"},"content_width":"full","min_height":{"unit":"px","size":0,"sizes":[]},"grid_justify_items":"center","_flex_align_self":"center","_flex_size":"shrink","width":{"unit":"%","size":100,"sizes":[]},"width_tablet":{"unit":"%","size":"","sizes":[]},"width_mobile":{"unit":"%","size":"","sizes":[]},"presetTitle":"Container","presetIcon":"eicon-container"},"elements":[{"id":"4ca965e3","settings":{"selected_icon":{"value":{"url":"https:\/\/npc-eksamen.dk\/wp-content\/uploads\/2024\/12\/present-gift-svgrepo-com.svg","id":2139},"library":"svg"},"view":"stacked","primary_color":"#009786","secondary_color":"#FFFFFF","hover_animation":"grow","size":{"unit":"px","size":50,"sizes":[]},"fit_to_size":"yes","__globals__":{"secondary_color":"","hover_primary_color":"globals\/colors?id=text"}},"elements":[],"isInner":false,"widgetType":"icon","elType":"widget"},{"id":"183a3030","settings":{"editor":"<p>Jul og gaver<\/p>","align":"left","typography_typography":"custom","typography_font_family":"Glober True","typography_font_size":{"unit":"px","size":13,"sizes":[]},"typography_font_weight":"600","_margin":{"unit":"px","top":"-15","right":"0","bottom":"0","left":"0","isLinked":false},"_padding":{"unit":"px","top":"0","right":"0","bottom":"0","left":"0","isLinked":false},"_flex_align_self":"center","_flex_size":"shrink","__globals__":{"text_color":"globals\/colors?id=text"}},"elements":[],"isInner":false,"widgetType":"text-editor","elType":"widget"}],"isInner":true,"elType":"container"},{"id":"51170a75","settings":{"grid_columns_grid":{"unit":"fr","size":"1"},"grid_rows_grid":{"unit":"fr","size":"2"},"grid_rows_grid_mobile":{"unit":"fr","size":"2"},"content_width":"full","min_height":{"unit":"px","size":0,"sizes":[]},"grid_justify_items":"center","_flex_align_self":"center","_flex_size":"shrink","width":{"unit":"%","size":100,"sizes":[]},"width_tablet":{"unit":"%","size":"","sizes":[]},"width_mobile":{"unit":"%","size":"","sizes":[]},"presetTitle":"Container","presetIcon":"eicon-container"},"elements":[{"id":"7f716f75","settings":{"selected_icon":{"value":{"url":"https:\/\/npc-eksamen.dk\/wp-content\/uploads\/2024\/12\/beauty-bottle-box-svgrepo-com.svg","id":1939},"library":"svg"},"view":"stacked","primary_color":"#009786","secondary_color":"#FFFFFF","hover_animation":"grow","size":{"unit":"px","size":50,"sizes":[]},"fit_to_size":"yes","__globals__":{"secondary_color":"","hover_primary_color":"globals\/colors?id=text"}},"elements":[],"isInner":false,"widgetType":"icon","elType":"widget"},{"id":"5739fdb6","settings":{"editor":"<p>Kosttilskud<\/p>","align":"left","typography_typography":"custom","typography_font_family":"Glober True","typography_font_size":{"unit":"px","size":13,"sizes":[]},"typography_font_weight":"600","_margin":{"unit":"px","top":"-15","right":"0","bottom":"0","left":"0","isLinked":false},"_padding":{"unit":"px","top":"0","right":"0","bottom":"0","left":"0","isLinked":false},"_flex_align_self":"center","_flex_size":"shrink","__globals__":{"text_color":"globals\/colors?id=text"}},"elements":[],"isInner":false,"widgetType":"text-editor","elType":"widget"}],"isInner":true,"elType":"container"},{"id":"da1e175","settings":{"grid_columns_grid":{"unit":"fr","size":"1"},"grid_rows_grid":{"unit":"fr","size":"2"},"grid_rows_grid_mobile":{"unit":"fr","size":"2"},"content_width":"full","grid_justify_items":"center","_flex_align_self":"center","_flex_size":"shrink","presetTitle":"Container","presetIcon":"eicon-container"},"elements":[{"id":"576e6572","settings":{"selected_icon":{"value":{"url":"https:\/\/npc-eksamen.dk\/wp-content\/uploads\/2024\/12\/FreeSample-Vectorizer-io-Healthy-Food.svg","id":1918},"library":"svg"},"view":"stacked","primary_color":"#009786","secondary_color":"#FFFFFF","hover_animation":"grow","size":{"unit":"px","size":50,"sizes":[]},"fit_to_size":"yes","__globals__":{"secondary_color":"","hover_primary_color":"globals\/colors?id=text"}},"elements":[],"isInner":false,"widgetType":"icon","elType":"widget"},{"id":"1a2f1a6e","settings":{"editor":"<p>Helsekost<\/p>","align":"center","typography_typography":"custom","typography_font_family":"Glober True","typography_font_size":{"unit":"px","size":13,"sizes":[]},"typography_font_weight":"600","_margin":{"unit":"px","top":"-15","right":"0","bottom":"0","left":"0","isLinked":false},"_padding":{"unit":"px","top":"0","right":"0","bottom":"0","left":"0","isLinked":false},"_flex_align_self":"center","_flex_size":"shrink","__globals__":{"text_color":"globals\/colors?id=text"}},"elements":[],"isInner":false,"widgetType":"text-editor","elType":"widget"}],"isInner":true,"elType":"container"},{"id":"3e7f3286","settings":{"grid_columns_grid":{"unit":"fr","size":"1"},"grid_rows_grid":{"unit":"fr","size":"2"},"grid_rows_grid_mobile":{"unit":"fr","size":"2"},"content_width":"full","grid_justify_items":"center","_flex_align_self":"center","_flex_size":"shrink","presetTitle":"Container","presetIcon":"eicon-container"},"elements":[{"id":"29db713b","settings":{"selected_icon":{"value":{"url":"https:\/\/npc-eksamen.dk\/wp-content\/uploads\/2024\/12\/toiletries-svgrepo-com.svg","id":1942},"library":"svg"},"view":"stacked","primary_color":"#009786","secondary_color":"#FFFFFF","hover_animation":"grow","size":{"unit":"px","size":50,"sizes":[]},"fit_to_size":"yes","__globals__":{"secondary_color":"","hover_primary_color":"globals\/colors?id=text"}},"elements":[],"isInner":false,"widgetType":"icon","elType":"widget"},{"id":"10499988","settings":{"editor":"<p>Personlig pleje<\/p>","align":"center","typography_typography":"custom","typography_font_family":"Glober True","typography_font_size":{"unit":"px","size":13,"sizes":[]},"typography_font_weight":"600","_margin":{"unit":"px","top":"-15","right":"0","bottom":"0","left":"0","isLinked":false},"_padding":{"unit":"px","top":"0","right":"0","bottom":"0","left":"0","isLinked":false},"_flex_align_self":"center","_flex_size":"shrink","__globals__":{"text_color":"globals\/colors?id=text"}},"elements":[],"isInner":false,"widgetType":"text-editor","elType":"widget"}],"isInner":true,"elType":"container"},{"id":"22d7a5b","settings":{"grid_columns_grid":{"unit":"fr","size":"1"},"grid_rows_grid":{"unit":"fr","size":"2"},"grid_rows_grid_mobile":{"unit":"fr","size":"2"},"content_width":"full","grid_justify_items":"center","_flex_align_self":"center","_flex_size":"shrink","presetTitle":"Container","presetIcon":"eicon-container"},"elements":[{"id":"4bdea53f","settings":{"selected_icon":{"value":{"url":"https:\/\/npc-eksamen.dk\/wp-content\/uploads\/2024\/12\/housekeeping-consumption-svgrepo-com.svg","id":1926},"library":"svg"},"view":"stacked","primary_color":"#009786","secondary_color":"#FFFFFF","hover_animation":"grow","size":{"unit":"px","size":50,"sizes":[]},"fit_to_size":"yes","__globals__":{"secondary_color":"","hover_primary_color":"globals\/colors?id=text"}},"elements":[],"isInner":false,"widgetType":"icon","elType":"widget"},{"id":"5eb15449","settings":{"editor":"<p>Husholdning<\/p>","align":"center","typography_typography":"custom","typography_font_family":"Glober True","typography_font_size":{"unit":"px","size":13,"sizes":[]},"typography_font_weight":"600","_margin":{"unit":"px","top":"-15","right":"0","bottom":"0","left":"0","isLinked":false},"_padding":{"unit":"px","top":"0","right":"0","bottom":"0","left":"0","isLinked":false},"_flex_align_self":"center","_flex_size":"shrink","__globals__":{"text_color":"globals\/colors?id=text"}},"elements":[],"isInner":false,"widgetType":"text-editor","elType":"widget"}],"isInner":true,"elType":"container"},{"id":"f5ee78f","settings":{"grid_columns_grid":{"unit":"fr","size":"1"},"grid_rows_grid":{"unit":"fr","size":"2"},"grid_rows_grid_mobile":{"unit":"fr","size":"2"},"content_width":"full","grid_justify_items":"center","_flex_align_self":"center","_flex_size":"shrink","presetTitle":"Container","presetIcon":"eicon-container"},"elements":[{"id":"747d74c0","settings":{"selected_icon":{"value":{"url":"https:\/\/npc-eksamen.dk\/wp-content\/uploads\/2024\/12\/craft-sewing-clothes-svgrepo-com.svg","id":1930},"library":"svg"},"view":"stacked","primary_color":"#009786","secondary_color":"#FFFFFF","hover_animation":"grow","size":{"unit":"px","size":50,"sizes":[]},"fit_to_size":"yes","__globals__":{"secondary_color":"","hover_primary_color":"globals\/colors?id=text"}},"elements":[],"isInner":false,"widgetType":"icon","elType":"widget"},{"id":"5c8e7c9d","settings":{"editor":"<p>T\u00f8j<\/p>","align":"center","typography_typography":"custom","typography_font_family":"Glober True","typography_font_size":{"unit":"px","size":13,"sizes":[]},"typography_font_weight":"600","_margin":{"unit":"px","top":"-15","right":"0","bottom":"0","left":"0","isLinked":false},"_padding":{"unit":"px","top":"0","right":"0","bottom":"0","left":"0","isLinked":false},"_flex_align_self":"center","_flex_size":"shrink","__globals__":{"text_color":"globals\/colors?id=text"}},"elements":[],"isInner":false,"widgetType":"text-editor","elType":"widget"}],"isInner":true,"elType":"container"},{"id":"54fd7b1f","settings":{"grid_columns_grid":{"unit":"fr","size":"1"},"grid_rows_grid":{"unit":"fr","size":"2"},"grid_rows_grid_mobile":{"unit":"fr","size":"2"},"content_width":"full","grid_justify_items":"center","_flex_align_self":"center","_flex_size":"shrink","presetTitle":"Container","presetIcon":"eicon-container"},"elements":[{"id":"3e594fb8","settings":{"selected_icon":{"value":{"url":"https:\/\/npc-eksamen.dk\/wp-content\/uploads\/2024\/12\/health-healthcare-medical-svgrepo-com.svg","id":1938},"library":"svg"},"view":"stacked","primary_color":"#009786","secondary_color":"#FFFFFF","hover_animation":"grow","size":{"unit":"px","size":50,"sizes":[]},"fit_to_size":"yes","__globals__":{"secondary_color":"","hover_primary_color":"globals\/colors?id=text"}},"elements":[],"isInner":false,"widgetType":"icon","elType":"widget"},{"id":"e3d2822","settings":{"editor":"<p>Medicare<\/p>","align":"center","typography_typography":"custom","typography_font_family":"Glober True","typography_font_size":{"unit":"px","size":13,"sizes":[]},"typography_font_weight":"600","_margin":{"unit":"px","top":"-15","right":"0","bottom":"0","left":"0","isLinked":false},"_padding":{"unit":"px","top":"0","right":"0","bottom":"0","left":"0","isLinked":false},"_flex_align_self":"center","_flex_size":"shrink","__globals__":{"text_color":"globals\/colors?id=text"}},"elements":[],"isInner":false,"widgetType":"text-editor","elType":"widget"}],"isInner":true,"elType":"container"},{"id":"17adfa34","settings":{"grid_columns_grid":{"unit":"fr","size":"1"},"grid_rows_grid":{"unit":"fr","size":"2"},"grid_rows_grid_mobile":{"unit":"fr","size":"2"},"content_width":"full","grid_justify_items":"center","_flex_align_self":"center","_flex_size":"shrink","presetTitle":"Container","presetIcon":"eicon-container"},"elements":[{"id":"74341e70","settings":{"selected_icon":{"value":{"url":"https:\/\/npc-eksamen.dk\/wp-content\/uploads\/2024\/12\/aid-band-bandage-svgrepo-com.svg","id":1940},"library":"svg"},"view":"stacked","primary_color":"#009786","secondary_color":"#FFFFFF","hover_animation":"grow","size":{"unit":"px","size":50,"sizes":[]},"fit_to_size":"yes","__globals__":{"secondary_color":"","hover_primary_color":"globals\/colors?id=text"}},"elements":[],"isInner":false,"widgetType":"icon","elType":"widget"},{"id":"7f79877","settings":{"editor":"<p>H\u00e5ndk\u00f8bsmedicin<\/p>","align":"center","typography_typography":"custom","typography_font_family":"Glober True","typography_font_size":{"unit":"px","size":13,"sizes":[]},"typography_font_weight":"600","_margin":{"unit":"px","top":"-15","right":"0","bottom":"0","left":"0","isLinked":false},"_padding":{"unit":"px","top":"0","right":"0","bottom":"0","left":"0","isLinked":false},"_flex_align_self":"center","_flex_size":"shrink","__globals__":{"text_color":"globals\/colors?id=text"}},"elements":[],"isInner":false,"widgetType":"text-editor","elType":"widget"}],"isInner":true,"elType":"container"}],"isInner":false,"elType":"container"},{"id":"106dd3d1","settings":{"content_width":"full","flex_gap":{"column":"0","row":"0","isLinked":true,"unit":"px","size":0},"margin":{"unit":"px","top":"0","right":"0","bottom":"0","left":"0","isLinked":false},"padding":{"unit":"px","top":"0","right":"0","bottom":"0","left":"0","isLinked":false},"_flex_align_self":"center","background_background":"classic","__globals__":{"background_color":""},"width":{"unit":"%","size":100,"sizes":[]},"hide_mobile":"hidden-mobile","boxed_width":{"unit":"px","size":1600,"sizes":[]},"boxed_width_tablet":{"unit":"%","size":"","sizes":[]},"boxed_width_mobile":{"unit":"%","size":"","sizes":[]},"min_height_tablet":{"unit":"vh","size":"","sizes":[]},"min_height_mobile":{"unit":"vh","size":"","sizes":[]},"background_slideshow_background_size":"cover","background_slideshow_background_position":"center center","_offset_y":{"unit":"px","size":100,"sizes":[]},"background_slideshow_slide_duration":4500},"elements":[{"id":"9a00c64","settings":{"slides":[{"heading":"","description":"","button_text":"G\u00e5 til tilbud","_id":"39d109e","background_image":{"url":"https:\/\/npc-eksamen.dk\/wp-content\/uploads\/2024\/12\/dafibanner1komprimeret.png","id":2930,"size":"","alt":"","source":"library"},"__globals__":{"background_color":""},"background_color":""},{"heading":"","description":"","button_text":"G\u00e5 til tilbud","_id":"0035d8a","background_image":{"url":"https:\/\/npc-eksamen.dk\/wp-content\/uploads\/2024\/12\/dafibannerkomprimeret.png","id":2933,"size":"","alt":"","source":"library"},"__globals__":{"background_color":"globals\/colors?id=c762090"},"link":{"url":"https:\/\/npc-eksamen.dk\/kampagnesite-dafi\/","is_external":"","nofollow":"","custom_attributes":""}},{"_id":"9e7ced2","background_color":"#FF919100","heading":"","description":"","button_text":"G\u00e5 til tilbud","background_image":{"url":"https:\/\/npc-eksamen.dk\/wp-content\/uploads\/2024\/12\/dafibanner3komprimeret.png","id":2934,"size":"","alt":"","source":"library"},"horizontal_position":"center"}],"navigation":"none","button_border_width":{"unit":"px","size":0,"sizes":[]},"button_border_radius":{"unit":"px","size":11,"sizes":[]},"custom_css":"selector .elementor-swiper-button-next\n\n{\nborder-radius: 50%;\npadding:14px;\nbackground-color: #E8E8E8;\n font-size: 20px\n ;\n\n}\n\nselector .elementor-swiper-button-next:hover\n\n{\nborder-radius: 50%!important;\npadding:15px;\nbackground-color: #99D5CF;\nfont-size: 22px\n\n\n}\n\n\n\n\n\n\n\n\n\nselector .elementor-swiper-button-prev\n{\nborder-radius: 50%;\npadding:14px;\nbackground-color: #E8E8E8;\n font-size: 20px\n \n;\n\n}\n\nselector .elementor-swiper-button-prev:hover\n{\nborder-radius: 50%;\npadding:15px;\nbackground-color: #99D5CF;\nfont-size: 22px\n \n;\n\n}\n\n\n\n\n\n\n\nselector .e-font-icon-svg path \n\n{\n    fill: #545454;\n \n\n \n \n}\n\n\nselector .elementor-button \n{\n    border-radius: 11px;\n    background-color: #00AB9E;\n    margin-top: 260px;\n    font-size: 16px;\nfont-weight: 700;\npadding: 12px 32px;\n\n\n    \n    \n}\n\nselector .elementor-button:hover {\n    background-color: #013D36;\n}\n\n\n\n\n\n\n\n\n\n\n","background_image":{"url":"https:\/\/npc-eksamen.dk\/wp-content\/uploads\/2024\/12\/Dafibanner-scaled.webp","id":1185,"size":"","alt":"","source":"library"},"background_color":"","heading":"","description":"","button_text":"","content_animation":"","slides_height":{"unit":"px","size":508,"sizes":[]},"__globals__":{"dots_color_inactive":"globals\/colors?id=1557ca2","dots_color":"globals\/colors?id=primary"},"button_typography_typography":"custom","button_typography_font_family":"Glober True","button_typography_font_weight":"600","hide_mobile":"hidden-mobile","slides_height_tablet":{"unit":"custom","size":"","sizes":[]},"content_max_width":{"unit":"%","size":100,"sizes":[]},"_element_width":"inherit","slides_padding":{"unit":"px","top":"0","right":"0","bottom":"0","left":"0","isLinked":false},"heading_spacing":{"unit":"px","size":100,"sizes":[]},"description_spacing":{"unit":"px","size":100,"sizes":[]},"_margin":{"unit":"px","top":"0","right":"0","bottom":"0","left":"0","isLinked":false},"_padding":{"unit":"px","top":"0","right":"0","bottom":"0","left":"0","isLinked":false},"_element_custom_width":{"unit":"%","size":100,"sizes":[]},"_element_custom_width_tablet":{"unit":"vw","size":"","sizes":[]},"_element_custom_width_mobile":{"unit":"vw","size":"","sizes":[]},"_flex_align_self":"flex-start","autoplay":"","pause_on_interaction":"","_css_classes":"active-item"},"elements":[],"isInner":false,"widgetType":"slides","elType":"widget"},{"id":"2ac321a6","settings":{"content_width":"full","boxed_width_mobile":{"unit":"%","size":"","sizes":[]},"min_height":{"unit":"px","size":0,"sizes":[]},"min_height_mobile":{"unit":"vh","size":"","sizes":[]},"flex_direction":"row","flex_gap":{"column":"0","row":"0","isLinked":true,"unit":"px","size":0},"border_border":"solid","border_width":{"unit":"px","top":"0","right":"0","bottom":"0","left":"0","isLinked":false},"border_radius":{"unit":"px","top":"0","right":"0","bottom":"0","left":"0","isLinked":false},"margin":{"unit":"px","top":"0","right":"0","bottom":"0","left":"0","isLinked":true},"padding":{"unit":"px","top":"0","right":"0","bottom":"0","left":"0","isLinked":true},"_flex_size":"none","__globals__":{"border_color":""},"hide_mobile":"hidden-mobile"},"elements":[{"id":"70dc6d9d","settings":{"text":"Black friday weeks - spar op til 40%","align":"justify","typography_typography":"custom","typography_font_family":"Glober True","typography_font_size":{"unit":"px","size":13,"sizes":[]},"typography_font_weight":"700","button_text_color":"#545454","background_color":"#F2F2F2","hover_color":"#009786","border_radius":{"unit":"px","top":"0","right":"0","bottom":"0","left":"0","isLinked":true},"text_padding":{"unit":"px","top":"12","right":"0","bottom":"12","left":"0","isLinked":false},"_element_width":"inherit","__globals__":{"button_text_color":"globals\/colors?id=6c69d2d","background_color":"globals\/colors?id=a02866c","button_background_hover_color":"","hover_color":"globals\/colors?id=primary"}},"elements":[],"isInner":false,"widgetType":"button","elType":"widget"},{"id":"435616ae","settings":{"text":"20% rabat p\u00e5 renere drikkevand med Dafis produkter","align":"justify","typography_typography":"custom","typography_font_family":"Glober True","typography_font_size":{"unit":"px","size":13,"sizes":[]},"typography_font_weight":"700","border_radius":{"unit":"px","top":"0","right":"0","bottom":"0","left":"0","isLinked":true},"text_padding":{"unit":"px","top":"12","right":"0","bottom":"012","left":"0","isLinked":false},"_element_width":"inherit","__globals__":{"typography_typography":"","button_text_color":"globals\/colors?id=6c69d2d","background_color":"globals\/colors?id=cb7c1e4","hover_color":"globals\/colors?id=primary"}},"elements":[],"isInner":false,"widgetType":"button","elType":"widget"},{"id":"5cc097ee","settings":{"text":"Spar op til 45% p\u00e5 D-vitamin fra Natur-Drogeriet","align":"justify","typography_typography":"custom","typography_font_family":"Glober True","typography_font_size":{"unit":"px","size":13,"sizes":[]},"typography_font_weight":"700","border_radius":{"unit":"px","top":"0","right":"0","bottom":"0","left":"0","isLinked":true},"text_padding":{"unit":"px","top":"12","right":"0","bottom":"12","left":"0","isLinked":false},"_element_width":"inherit","__globals__":{"typography_typography":"","button_text_color":"globals\/colors?id=6c69d2d","background_color":"globals\/colors?id=2f06e8b","hover_color":"globals\/colors?id=primary"}},"elements":[],"isInner":false,"widgetType":"button","elType":"widget"}],"isInner":true,"elType":"container"},{"id":"ecaaf03","settings":{"flex_direction":"row","width":{"unit":"%","size":100},"margin":{"unit":"px","top":"0","right":"0","bottom":"0","left":"0","isLinked":false},"padding":{"unit":"px","top":"0","right":"0","bottom":"0","left":"0","isLinked":false},"flex_align_items":"stretch","flex_gap":{"column":"0","row":"0","isLinked":false,"unit":"px","size":0},"boxed_width_mobile":{"unit":"px","size":500,"sizes":[]},"min_height_mobile":{"unit":"px","size":329,"sizes":[]},"flex_justify_content_mobile":"center","content_width":"full"},"elements":[{"id":"2a2728b6","settings":{"title":"","percent":{"unit":"%","size":100,"sizes":[]},"display_percentage":"","inner_text":"","bar_height":{"unit":"px","size":6,"sizes":[]},"bar_border_radius":{"unit":"px","size":0,"sizes":[]},"_margin":{"unit":"px","top":"0","right":"0","bottom":"0","left":"0","isLinked":false},"_padding":{"unit":"px","top":"0","right":"0","bottom":"0","left":"0","isLinked":false},"_background_image":{"url":"https:\/\/npc-eksamen.dk\/wp-content\/uploads\/2024\/12\/Dafibanner-scaled.webp","id":1185,"size":"","alt":"","source":"library"},"_background_position":"center center","_background_repeat":"no-repeat","_background_size":"cover","custom_css":"\/* Progress bar animation *\/\n.elementor-11 .elementor-element.elementor-element-9e16fcf .elementor-progress-bar {\n   animation: progressAnimation 15s linear infinite;  \/* Use linear for constant speed *\/\n}\n\n@keyframes progressAnimation {\n   0% {\n       width: 0%;\n   }\n   10% {\n       width: 10%;\n   }\n   25% {\n       width: 25%;\n   }\n   33% {\n       width: 33%;\n   }\n   50% {\n       width: 50%;\n   }\n   66% {\n       width: 66%;\n   }\n   75% {\n       width: 75%;\n   }\n   90% {\n       width: 90%;\n   }\n   100% {\n       width: 100%;\n   }\n}\n\n\/* Default text color for the target element *\/\n.elementor-button-text {\n   color: #00AB9E; \/* Default color *\/\n}\n\n\/* Changing color (this will be triggered by JavaScript) *\/\n.inaktiv {\n   color: #545454; \/* New color when inactive *\/\n}\n\n.inaktiv:hover {\n   color: #00AB9E; \/* New color when inactive *\/\n}\n  \n\n\n\n\n\n\n\n\n","_element_width":"inherit","_flex_align_self":"flex-start","__globals__":{"bar_color":"globals\/colors?id=primary","bar_bg_color":""},"bar_color":"#009786","bar_bg_color":"#F2F2F2","hide_mobile":"hidden-mobile"},"elements":[],"isInner":false,"widgetType":"progress","elType":"widget"},{"id":"35bb0f31","settings":{"html":"<script>\n\n\/\/ Vent p\u00e5 at DOM'en er fuldt indl\u00e6st\ndocument.addEventListener('DOMContentLoaded', function () {\n  \/\/ Elementer til visning\/skjul\n  const items = [\n    document.querySelector('.elementor-background-slideshow__slide__image'), \/\/ 0%\n    document.querySelector('.elementor-background-slideshow__slide__image'), \/\/ 33%\n    document.querySelector('.elementor-background-slideshow__slide__image')  \/\/ 66%\n  ];\n\n  \/\/ Knapper til navigation\n  const buttons = [\n    document.querySelector('.elementor-element.elementor-element-e5763f7'), \/\/ Knappen til f\u00f8rste slide\n    document.querySelector('.elementor-element.elementor-element-d658cc6'), \/\/ Knappen til andet slide\n    document.querySelector('.elementor-element.elementor-element-93ec3df')  \/\/ Knappen til tredje slide\n  ];\n\n  \/\/ Progress bar animationstid\n  const animationDuration = 15000; \/\/ 15 sekunder (samme som CSS animationstid)\n\n  \/\/ Aktuelt aktive slide\n  let currentIndex = 0;\n  let autoSwitchInterval;\n  let startTime = Date.now(); \/\/ Initial starttidspunkt for animationen\n\n  \/\/ Skift logik baseret p\u00e5 progress\n  function updateVisibleItem(index) {\n    \/\/ Skjul alle elementer f\u00f8rst\n    items.forEach(item => item.style.display = 'none');\n\n    \/\/ Vis det \u00f8nskede element\n    if (index >= 0 && index < items.length) {\n      currentIndex = index;\n      items[index].style.display = 'block'; \/\/ Vis det specifikke element\n    }\n  }\n\n  \/\/ Start animationens synkronisering\n  function startSyncWithProgressBar() {\n    startTime = Date.now(); \/\/ Nulstil starttiden ved initialisering\n\n    autoSwitchInterval = setInterval(() => {\n      const elapsedTime = Date.now() - startTime;\n      const progress = (elapsedTime % animationDuration) \/ animationDuration * 100; \/\/ Beregn progress i procent\n\n      if (progress >= 0 && progress < 33) {\n        updateVisibleItem(0);\n      } else if (progress >= 33 && progress < 66) {\n        updateVisibleItem(1);\n      } else if (progress >= 66 && progress <= 100) {\n        updateVisibleItem(2);\n      }\n    }, 100); \/\/ Opdatering hver 100 ms\n  }\n\n  \/\/ Klik-h\u00e6ndelser for knapperne\n  buttons.forEach((button, index) => {\n    button.addEventListener('click', (event) => {\n      event.preventDefault(); \/\/ Forhindre standard linkadf\u00e6rd (scroll til toppen)\n\n      clearInterval(autoSwitchInterval); \/\/ Stop den automatiske animation midlertidigt\n      updateVisibleItem(index); \/\/ Vis det valgte slide\n      setTimeout(startSyncWithProgressBar, 0); \/\/ Genstart den automatiske animation efter 5 sekunder\n    });\n  });\n\n  \/\/ Initialisering\n  startSyncWithProgressBar(); \/\/ S\u00f8rg for at den automatisk starter ved indl\u00e6sning\n});\n\n \n<\/script>"},"elements":[],"isInner":false,"widgetType":"html","elType":"widget"}],"isInner":true,"elType":"container"}],"isInner":false,"elType":"container"},{"id":"3f393216","settings":{"padding_mobile":{"unit":"px","top":"0","right":"0","bottom":"0","left":"0","isLinked":false},"padding":{"unit":"px","top":"0","right":"0","bottom":"0","left":"0","isLinked":false},"margin":{"unit":"px","top":"0","right":"0","bottom":"0","left":"0","isLinked":false}},"elements":[{"id":"55bd29ee","settings":{"slides":[{"heading":"","description":"","button_text":"K\u00f8b her","background_color":"#833ca3","_id":"9413687","background_image":{"url":"https:\/\/npc-eksamen.dk\/wp-content\/uploads\/2024\/12\/blacfridaybannermobil.png","id":2067,"size":"","alt":"","source":"library"}},{"heading":"","description":"","button_text":"K\u00f8b her","background_color":"#4054b2","_id":"d964287","background_image":{"url":"https:\/\/npc-eksamen.dk\/wp-content\/uploads\/2024\/12\/bannermobil2.png","id":2240,"size":"","alt":"","source":"library"},"link":{"url":"https:\/\/npc-eksamen.dk\/kampagnesite-dafi\/","is_external":"on","nofollow":"","custom_attributes":""}},{"heading":"","description":"","button_text":"K\u00f8b her","background_color":"#1abc9c","_id":"c451e71","background_image":{"url":"https:\/\/npc-eksamen.dk\/wp-content\/uploads\/2024\/12\/bannermobil3.png","id":2241,"size":"","alt":"","source":"library"}}],"navigation":"dots","content_animation":"","button_typography_typography":"custom","button_typography_font_family":"Glober True","button_typography_font_weight":"600","_element_width_mobile":"initial","_element_custom_width_mobile":{"unit":"px","size":476,"sizes":[]},"hide_desktop":"hidden-desktop","hide_tablet":"hidden-tablet","custom_css":"selector .elementor-button \n{\n    border-radius: 11px;\n    background-color: #00AB9E;\n    margin-top: 195px;\n    font-size: 12px;\npadding: 10px 15px;\nborder-style: none;\n\n\n    \n    \n}\n\nselector .elementor-button:hover {\n    background-color: #013D36;\n}\n","__globals__":{"dots_color_inactive":"globals\/colors?id=c762090","dots_color":"globals\/colors?id=88aa344"},"slides_height_mobile":{"unit":"px","size":344,"sizes":[]},"autoplay_speed":6500},"elements":[],"isInner":false,"widgetType":"slides","elType":"widget"}],"isInner":false,"elType":"container"},{"id":"1b2566d2","settings":{"flex_direction":"column","flex_align_items":"center","background_background":"classic","__globals__":{"background_color":""},"padding":{"unit":"px","top":"50","right":"20","bottom":"50","left":"20","isLinked":false},"min_height":{"unit":"px","size":312,"sizes":[]},"flex_justify_content":"center","background_image":{"url":"https:\/\/npc-eksamen.dk\/wp-content\/uploads\/2024\/12\/baggrund_mecindoplus.svg","id":699,"size":"","alt":"","source":"library"},"background_position":"center center","background_repeat":"no-repeat","background_size":"cover"},"elements":[{"id":"5603ada8","settings":{"flex_direction":"column","content_width":"full","width":{"unit":"%","size":77,"sizes":[]}},"elements":[{"id":"d441fe6","settings":{"flex_direction":"row","flex_gap":{"unit":"px","size":0,"column":"0","row":"0"},"boxed_width_tablet":{"unit":"%","size":"","sizes":[]},"boxed_width_mobile":{"unit":"%","size":"","sizes":[]},"background_background":"classic","background_color":"#E6F5F3","border_radius":{"unit":"px","top":"20","right":"20","bottom":"20","left":"20","isLinked":true},"padding":{"unit":"px","top":"30","right":"0","bottom":"30","left":"0","isLinked":false},"padding_tablet":{"unit":"px","top":"30","right":"1","bottom":"30","left":"30","isLinked":false}},"elements":[{"id":"7f3aff9b","settings":{"flex_direction":"column","content_width":"full","width":{"unit":"%","size":"50"},"flex_align_items":"center"},"elements":[{"id":"70dc4e2","settings":{"selected_icon":{"value":{"url":"https:\/\/npc-eksamen.dk\/wp-content\/uploads\/2024\/12\/Artboard-1-1.svg","id":334},"library":"svg"},"fit_to_size":"yes","_padding":{"unit":"px","top":"0","right":"0","bottom":"15","left":"0","isLinked":false},"size":{"unit":"px","size":59,"sizes":[]},"size_mobile":{"unit":"px","size":48,"sizes":[]}},"elements":[],"isInner":false,"widgetType":"icon","elType":"widget"},{"id":"1d8cb0fe","settings":{"flex_direction":"row","flex_gap":{"unit":"px","size":0,"column":"0","row":"0"},"content_width":"full","flex_justify_content":"center","flex_align_items":"center","margin":{"unit":"px","top":"-10","right":"0","bottom":"0","left":"0","isLinked":false},"padding":{"unit":"px","top":"05","right":"05","bottom":"05","left":"05","isLinked":true},"width":{"unit":"%","size":76,"sizes":[]},"background_background":"classic","border_radius":{"unit":"px","top":"100","right":"100","bottom":"100","left":"100","isLinked":true},"__globals__":{"background_color":"globals\/colors?id=50c0236"},"width_tablet":{"unit":"%","size":100,"sizes":[]},"width_mobile":{"unit":"%","size":"","sizes":[]}},"elements":[{"id":"6d4b2a4","settings":{"flex_direction":"column","content_width":"full","width":{"unit":"%","size":72},"margin":{"unit":"px","top":"0","right":"0","bottom":"0","left":"0","isLinked":false},"padding":{"unit":"px","top":"0","right":"0","bottom":"0","left":"0","isLinked":false},"width_tablet":{"unit":"%","size":61,"sizes":[]},"width_mobile":{"unit":"%","size":70,"sizes":[]}},"elements":[{"id":"4e1d8bfa","settings":{"editor":"<p>Start i dag - det kan betale sig<\/p>","_margin":{"unit":"px","top":"0","right":"0","bottom":"0","left":"0","isLinked":true},"_padding":{"unit":"px","top":"0","right":"0","bottom":"0","left":"0","isLinked":true},"align":"center","typography_typography":"custom","typography_font_family":"Glober True","typography_font_size":{"unit":"px","size":15,"sizes":[]},"typography_font_weight":"600","_flex_align_self":"center","__globals__":{"text_color":"globals\/colors?id=text"},"typography_font_size_mobile":{"unit":"px","size":13,"sizes":[]}},"elements":[],"isInner":false,"widgetType":"text-editor","elType":"widget"}],"isInner":true,"elType":"container"},{"id":"24ad823c","settings":{"flex_direction":"column","content_width":"full","width":{"unit":"%","size":23},"flex_align_items":"center","width_mobile":{"unit":"%","size":25,"sizes":[]}},"elements":[{"id":"635251d","settings":{"html":"<div class=\"toggle-switch\" ><input type=\"checkbox\" id=\"toggle\"><label for=\"toggle\"><\/label><\/div>\n<a href=\"#elementor-action%3Aaction%3Dpopup%3Aopen%26settings%3DeyJpZCI6IjMyOSIsInRvZ2dsZSI6ZmFsc2V9\" id=\"popup-link\" style=\"display:none;\"><\/a>\n\n<style>\n    \/*container for switchen*\/\n    .toggle-switch{\n        width: 53px;\n        height: 28px;\n        position: relative;\n        display: inline-block;\n    }\n    \/* gemme checkboxen *\/\n    .toggle-switch input{\n        opacity: 0;\n        width: 0;\n        height: 0;\n    }\n    \/*baggrunden for switchen*\/\n    .toggle-switch label{\n        cursor: pointer;\n        position: absolute;\n        background-color: #E6F5F3;\n        transition: background-color 0.3s ease;\n        border-radius: 25px;\n        top: 0;\n        right: 0;\n        bottom: 0;\n        left: 0;\n        border: solid 2px #F88530;\n    }\n    \n    \/* slider cirklen*\/\n    .toggle-switch label::after{\n        content: \"\";\n        width: 20px;\n        height: 20px;\n        left: 2px;\n        bottom: 2px;\n        position: absolute;\n        background-color: #F88530;\n        transition: transform 0.3s ease;\n        border-radius: 50%;\n    }\n    \n    \/* n\u00e5r den er checked *\/\n    .toggle-switch input:checked + label::after{\n        transform: translateX(25px);\n    }\n    \n   .toggle-switch input:checked + label{\n       background-color: #FFF;\n    }\n<\/style>\n\n<script>\n    document.addEventListener('DOMContentLoaded', function (){\n        const toggle = document.getElementById('toggle');\n        const popupLink = document.getElementById('popup-link');\n        \/* trigger popuppen n\u00e5r den er \"on\"*\/\n    toggle.addEventListener('change', function (){\n        if (this.checked){\n            popupLink.click(); \/* \u00e5bner popuppen n\u00e5r den er klikket p\u00e5*\/\n        }\n    });\n    \/* lytter efter om popuppen er lukket*\/\n    jQuery(document).on('elementor\/popup\/hide', function (){\n        toggle.checked = false; \/* s\u00e6tter toggle-switchen tilbage til start (off)*\/\n    })\n    });\n<\/script>\n\n"},"elements":[],"isInner":false,"widgetType":"html","elType":"widget"}],"isInner":true,"elType":"container"}],"isInner":true,"elType":"container"}],"isInner":true,"elType":"container"},{"id":"48e97cc","settings":{"flex_direction":"column","content_width":"full","width":{"unit":"%","size":"50"},"flex_justify_content":"center","flex_gap":{"column":"0","row":"0","isLinked":true,"unit":"px","size":0},"width_mobile":{"unit":"px","size":500,"sizes":[]},"margin_mobile":{"unit":"px","top":"6","right":"6","bottom":"6","left":"6","isLinked":true}},"elements":[{"id":"25956a1f","settings":{"icon_list":[{"text":"Gratis uforpligtende medlemskab","_id":"f991dfa"},{"text":"Optjen point ved hvert k\u00f8b","_id":"a90fdd1"},{"text":"Fri fragt ved k\u00f8b over 99","_id":"f23c44a"},{"text":"Adgang til til st\u00e6rke medlemstilbud <br> ... og mange flere fordele","_id":"d59ecbe"}],"space_between":{"unit":"px","size":17,"sizes":[]},"icon_align":"left","_margin":{"unit":"px","top":"0","right":"0","bottom":"0","left":"0","isLinked":false},"_padding":{"unit":"px","top":"0","right":"0","bottom":"0","left":"0","isLinked":false},"__globals__":{"text_color":"globals\/colors?id=52b0a28"},"text_indent":{"unit":"px","size":5,"sizes":[]},"icon_self_vertical_align":"flex-start","icon_vertical_offset":{"unit":"px","size":2,"sizes":[]},"icon_typography_typography":"custom","icon_typography_font_family":"Glober True","icon_typography_font_size_mobile":{"unit":"px","size":15,"sizes":[]},"icon_typography_font_weight":"600"},"elements":[],"isInner":false,"widgetType":"icon-list","elType":"widget"}],"isInner":true,"elType":"container"}],"isInner":true,"elType":"container"}],"isInner":true,"elType":"container"}],"isInner":false,"elType":"container"},{"id":"e4f8942","settings":{"hide_desktop":"hidden-desktop","hide_tablet":"hidden-tablet","hide_mobile":"hidden-mobile"},"elements":[{"id":"4d63c487","settings":{"text":"Click here","__dynamic__":{"link":"[elementor-tag id=\"3080f2c\" name=\"popup\" settings=\"%7B%22popup%22%3A%22329%22%7D\"]"}},"elements":[],"isInner":false,"widgetType":"button","elType":"widget"}],"isInner":false,"elType":"container"},{"id":"6e7d4433","settings":{"content_width":"full","background_overlay_background":"classic","custom_css":"selector img{\n    filter: grayscale (100%);\n    transition: filter 0.3s ease-in-out;\n}","__globals__":{"background_overlay_color":"","background_color":"globals\/colors?id=3d62394"},"flex_justify_content":"center","flex_align_items":"center","border_border":"none","padding":{"unit":"px","top":"0","right":"0","bottom":"0","left":"0","isLinked":false},"background_background":"classic"},"elements":[{"id":"1298e777","settings":{"carousel_items":[{"slide_title":"Slide #1","_id":"d095b35"},{"slide_title":"Slide #2","_id":"2aaad82"},{"slide_title":"Slide #3","_id":"ea317f8"},{"slide_title":"Slide #3","_id":"442f027"},{"slide_title":"Slide #3","_id":"e80e5b9"},{"slide_title":"Slide #3","_id":"d6a2be3"},{"slide_title":"Slide #3","_id":"d07f52f"},{"slide_title":"Slide #3","_id":"8caf7b7"},{"slide_title":"Slide #3","_id":"71b713c"},{"slide_title":"Slide #3","_id":"c1be15c"},{"slide_title":"Slide #3","_id":"4e3414f"},{"slide_title":"Slide #3","_id":"06daf24"},{"slide_title":"Slide #3","_id":"79eea8c"},{"slide_title":"Slide #3","_id":"c7ca597"},{"slide_title":"Slide #3","_id":"b8e5736"}],"slides_to_show":"6","autoplay_speed":3000,"navigation_previous_icon_vertical_position":{"unit":"px","size":9,"sizes":[]},"navigation_next_icon_vertical_position":{"unit":"px","size":9,"sizes":[]},"pagination":"","_border_border":"solid","_border_width":{"unit":"px","top":"1","right":"0","bottom":"1","left":"0","isLinked":false},"_border_radius":{"unit":"px","top":"0","right":"0","bottom":"0","left":"0","isLinked":true},"__globals__":{"_border_color":"globals\/colors?id=a02866c","content_background_color":"globals\/colors?id=3d62394"},"slides_to_show_tablet":"4","slides_to_show_mobile":"3","navigation_previous_icon":{"value":"","library":""},"navigation_next_icon":{"value":"","library":""},"content_background_background":"classic"},"elements":[{"id":"383de81f","settings":{"_title":"Slide #1","background_background":"classic","__globals__":{"background_color":"globals\/colors?id=3d62394"}},"elements":[{"id":"1255d0e0","settings":{"image":{"url":"https:\/\/npc-eksamen.dk\/wp-content\/uploads\/2024\/12\/VILD-NORD-logo.webp","id":505,"size":"","alt":"","source":"library"}},"elements":[],"isInner":false,"widgetType":"image","elType":"widget"}],"isInner":true,"elType":"container","isLocked":true},{"id":"502479bb","settings":{"_title":"Slide #2"},"elements":[{"id":"11d4c608","settings":{"image":{"url":"https:\/\/npc-eksamen.dk\/wp-content\/uploads\/2024\/12\/skoon.logo_.webp","id":506,"size":"","alt":"","source":"library"},"css_filters_css_filter":"custom","css_filters_saturate":{"unit":"px","size":0,"sizes":[]},"css_filters_hover_css_filter":"custom","_transform_scale_effect":{"unit":"px","size":1.4,"sizes":[]}},"elements":[],"isInner":false,"widgetType":"image","elType":"widget"}],"isInner":true,"elType":"container","isLocked":true},{"id":"63ae17d6","settings":{"_title":"Slide #3"},"elements":[{"id":"3ea8ba8c","settings":{"image":{"url":"https:\/\/npc-eksamen.dk\/wp-content\/uploads\/2024\/12\/biofrost_logo.webp","id":507,"size":"","alt":"","source":"library"},"css_filters_css_filter":"custom","css_filters_saturate":{"unit":"px","size":0,"sizes":[]},"css_filters_hover_css_filter":"custom"},"elements":[],"isInner":false,"widgetType":"image","elType":"widget"}],"isInner":true,"elType":"container","isLocked":true},{"id":"77ae5d68","settings":{"_title":"Slide #3"},"elements":[{"id":"70533a8d","settings":{"image":{"url":"https:\/\/npc-eksamen.dk\/wp-content\/uploads\/2024\/12\/biotech.logo_.webp","id":508,"size":"","alt":"","source":"library"}},"elements":[],"isInner":false,"widgetType":"image","elType":"widget"}],"isInner":true,"elType":"container","isLocked":true},{"id":"106f34ae","settings":{"_title":"Slide #3"},"elements":[{"id":"17aaeb78","settings":{"image":{"url":"https:\/\/npc-eksamen.dk\/wp-content\/uploads\/2024\/12\/Salus_logo_black.webp","id":509,"size":"","alt":"","source":"library"}},"elements":[],"isInner":false,"widgetType":"image","elType":"widget"}],"isInner":true,"elType":"container","isLocked":true},{"id":"4ce76de1","settings":{"_title":"Slide #3"},"elements":[{"id":"6c7a5525","settings":{"image":{"url":"https:\/\/npc-eksamen.dk\/wp-content\/uploads\/2024\/12\/epi-logo.webp","id":510,"size":"","alt":"","source":"library"},"css_filters_css_filter":"custom","css_filters_saturate":{"unit":"px","size":0,"sizes":[]},"css_filters_hover_css_filter":"custom"},"elements":[],"isInner":false,"widgetType":"image","elType":"widget"}],"isInner":true,"elType":"container","isLocked":true},{"id":"5a03f8b5","settings":{"_title":"Slide #3"},"elements":[{"id":"6d0b094","settings":{"image":{"url":"https:\/\/npc-eksamen.dk\/wp-content\/uploads\/2024\/12\/Ecooking_logo_black.webp","id":511,"size":"","alt":"","source":"library"}},"elements":[],"isInner":false,"widgetType":"image","elType":"widget"}],"isInner":true,"elType":"container","isLocked":true},{"id":"7213150c","settings":{"_title":"Slide #3"},"elements":[{"id":"10b155f2","settings":{"image":{"url":"https:\/\/npc-eksamen.dk\/wp-content\/uploads\/2024\/12\/varn.webp","id":540,"size":"","alt":"","source":"library"}},"elements":[],"isInner":false,"widgetType":"image","elType":"widget"}],"isInner":true,"elType":"container","isLocked":true},{"id":"2a8d840d","settings":{"_title":"Slide #3"},"elements":[{"id":"44a947a1","settings":{"image":{"url":"https:\/\/npc-eksamen.dk\/wp-content\/uploads\/2024\/12\/mivitotal.webp","id":541,"size":"","alt":"","source":"library"}},"elements":[],"isInner":false,"widgetType":"image","elType":"widget"}],"isInner":true,"elType":"container","isLocked":true},{"id":"5ba49842","settings":{"_title":"Slide #3"},"elements":[{"id":"2e20f47","settings":{"image":{"url":"https:\/\/npc-eksamen.dk\/wp-content\/uploads\/2024\/12\/Nordbo-Logo-Transparent.webp","id":542,"size":"","alt":"","source":"library"}},"elements":[],"isInner":false,"widgetType":"image","elType":"widget"}],"isInner":true,"elType":"container","isLocked":true},{"id":"3e115667","settings":{"_title":"Slide #3"},"elements":[{"id":"679be5d8","settings":{"image":{"url":"https:\/\/npc-eksamen.dk\/wp-content\/uploads\/2024\/12\/GLYC_Logotyp_400x400.webp","id":552,"size":"","alt":"","source":"library"}},"elements":[],"isInner":false,"widgetType":"image","elType":"widget"}],"isInner":true,"elType":"container","isLocked":true},{"id":"2627e217","settings":{"_title":"Slide #3"},"elements":[{"id":"77f38418","settings":{"image":{"url":"https:\/\/npc-eksamen.dk\/wp-content\/uploads\/2024\/12\/herbatint-haarfarve-koeb-online.webp","id":553,"size":"","alt":"","source":"library"},"css_filters_css_filter":"custom","css_filters_saturate":{"unit":"px","size":0,"sizes":[]},"css_filters_hover_css_filter":"custom"},"elements":[],"isInner":false,"widgetType":"image","elType":"widget"}],"isInner":true,"elType":"container","isLocked":true},{"id":"e710331","settings":{"_title":"Slide #3"},"elements":[{"id":"70cedcf7","settings":{"image":{"url":"https:\/\/npc-eksamen.dk\/wp-content\/uploads\/2024\/12\/lavera-logo-mecindo.webp","id":554,"size":"","alt":"","source":"library"}},"elements":[],"isInner":false,"widgetType":"image","elType":"widget"}],"isInner":true,"elType":"container","isLocked":true},{"id":"1c43c907","settings":{"_title":"Slide #3"},"elements":[{"id":"6662609c","settings":{"image":{"url":"https:\/\/npc-eksamen.dk\/wp-content\/uploads\/2024\/12\/kids-zoo-logo.webp","id":555,"size":"","alt":"","source":"library"},"css_filters_css_filter":"custom","css_filters_saturate":{"unit":"px","size":0,"sizes":[]},"css_filters_hover_css_filter":"custom"},"elements":[],"isInner":false,"widgetType":"image","elType":"widget"}],"isInner":true,"elType":"container","isLocked":true},{"id":"5216f210","settings":{"_title":"Slide #3"},"elements":[{"id":"20b95e9a","settings":{"image":{"url":"https:\/\/npc-eksamen.dk\/wp-content\/uploads\/2024\/12\/tints-logo.webp","id":577,"size":"","alt":"","source":"library"},"css_filters_css_filter":"custom","css_filters_saturate":{"unit":"px","size":0,"sizes":[]},"css_filters_hover_css_filter":"custom"},"elements":[],"isInner":false,"widgetType":"image","elType":"widget"}],"isInner":true,"elType":"container","isLocked":true}],"isInner":false,"widgetType":"nested-carousel","elType":"widget"}],"isInner":false,"elType":"container"},{"id":"1cff056e","settings":{"flex_direction":"column","background_background":"classic","margin":{"unit":"px","top":"0","right":"0","bottom":"0","left":"0","isLinked":true},"padding":{"unit":"px","top":"0","right":"0","bottom":"0","left":"0","isLinked":true},"__globals__":{"background_color":"globals\/colors?id=cb7c1e4"}},"elements":[{"id":"7c9a49ff","settings":{"editor":"<p><span style=\"white-space-collapse: preserve;\">Udvalgte produkter til dig<\/span><\/p>","typography_typography":"custom","typography_font_family":"Glober True","typography_font_size":{"unit":"px","size":32,"sizes":[]},"typography_font_weight":"600","_margin":{"unit":"px","top":"0","right":"0","bottom":"0","left":"0","isLinked":false},"typography_font_size_mobile":{"unit":"px","size":20,"sizes":[]},"_margin_mobile":{"unit":"px","top":"0","right":"0","bottom":"0","left":"15","isLinked":false},"_padding_mobile":{"unit":"px","top":"20","right":"0","bottom":"0","left":"10","isLinked":false},"_padding":{"unit":"px","top":"82","right":"0","bottom":"027","left":"0","isLinked":false},"_element_width":"inherit","_flex_align_self":"flex-start","align_mobile":"left","align":"left"},"elements":[],"isInner":false,"widgetType":"text-editor","elType":"widget"},{"id":"63777c54","settings":{"_skin":"product","template_id":"784","alternate_templates":[{"template_id":null,"_id":"f49ff88"}],"pagination_page_limit":"5","pagination_prev_label":"Previous","pagination_next_label":"Next","text":"Load More","load_more_no_posts_custom_message":"No more posts to show","nothing_found_message_text":"It seems we can\u2019t find what you\u2019re looking for.","columns":4,"posts_per_page":8,"_padding_mobile":{"unit":"px","top":"0","right":"20","bottom":"0","left":"20","isLinked":false}},"elements":[],"isInner":false,"widgetType":"loop-grid","elType":"widget"},{"id":"1a781544","settings":{"editor":"<p>Popul\u00e6re lige nu<\/p>","typography_typography":"custom","typography_font_family":"Glober Regular","typography_font_size":{"unit":"px","size":32,"sizes":[]},"typography_font_weight":"bold","_margin":{"unit":"px","top":"0","right":"0","bottom":"0","left":"0","isLinked":false},"typography_font_size_mobile":{"unit":"px","size":20,"sizes":[]},"_margin_mobile":{"unit":"px","top":"0","right":"0","bottom":"0","left":"15","isLinked":false},"_padding_mobile":{"unit":"px","top":"20","right":"0","bottom":"0","left":"10","isLinked":false},"_padding":{"unit":"px","top":"82","right":"0","bottom":"27","left":"0","isLinked":false},"align_mobile":"left"},"elements":[],"isInner":false,"widgetType":"text-editor","elType":"widget"},{"id":"796cf27c","settings":{"_skin":"product","template_id":"784","alternate_templates":[{"template_id":null,"_id":"f49ff88"}],"pagination_page_limit":"5","pagination_prev_label":"Previous","pagination_next_label":"Next","text":"Load More","load_more_no_posts_custom_message":"No more posts to show","nothing_found_message_text":"It seems we can\u2019t find what you\u2019re looking for.","columns":4,"posts_per_page":8,"_margin":{"unit":"px","top":"0","right":"0","bottom":"050","left":"0","isLinked":false},"_padding_mobile":{"unit":"px","top":"0","right":"20","bottom":"0","left":"20","isLinked":false}},"elements":[],"isInner":false,"widgetType":"loop-grid","elType":"widget"},{"id":"6288dfa7","settings":{"width":{"unit":"%","size":100,"sizes":[]},"flex_gap":{"column":"","row":"","isLinked":true,"unit":"px","size":null},"margin":{"unit":"px","top":"0","right":"0","bottom":"0","left":"0","isLinked":false},"padding":{"unit":"px","top":"0","right":"80","bottom":"0","left":"80","isLinked":false},"padding_mobile":{"unit":"px","top":"0","right":"0","bottom":"0","left":"0","isLinked":false},"hide_mobile":"hidden-mobile"},"elements":[],"isInner":true,"elType":"container"}],"isInner":false,"elType":"container"},{"id":"42937222","settings":{"flex_direction":"column","content_width":"full","min_height":{"unit":"px","size":371,"sizes":[]},"flex_justify_content":"center","flex_align_items":"stretch","flex_gap":{"column":"0","row":"0","isLinked":true,"unit":"px","size":0},"background_background":"classic","background_image":{"url":"https:\/\/npc-eksamen.dk\/wp-content\/uploads\/2024\/12\/bag-smaa-goenne-cards.svg","id":1503,"size":"","alt":"","source":"library"},"background_position":"center center","background_repeat":"no-repeat","background_size":"cover"},"elements":[{"id":"380ae5d4","settings":{"carousel_items":[{"slide_title":"<a class=\"carousel-btn\" href=\"https:\/\/example.com\" target=\"_blank\">L\u00e6s mere<\/a>","_id":"d095b35"},{"slide_title":"Slide #2","_id":"2aaad82"},{"slide_title":"Slide #3","_id":"ea317f8"},{"slide_title":"Slide #4","_id":"442f027"},{"slide_title":"Slide #5","_id":"e80e5b9"}],"autoplay_speed":3000,"navigation_previous_icon_vertical_position":{"unit":"px","size":9,"sizes":[]},"navigation_next_icon_vertical_position":{"unit":"px","size":9,"sizes":[]},"pagination":"","_border_border":"solid","_border_width":{"unit":"px","top":"1","right":"0","bottom":"1","left":"0","isLinked":false},"_border_radius":{"unit":"px","top":"0","right":"0","bottom":"0","left":"0","isLinked":true},"__globals__":{"_border_color":"globals\/colors?id=a02866c"},"slides_to_show_tablet":"4","navigation_previous_icon":{"value":"fas fa-chevron-left","library":"fa-solid"},"navigation_next_icon":{"value":"fas fa-chevron-right","library":"fa-solid"},"custom_css":"selector .elementor-swiper-button-next\n\n{\nborder-radius: 50%;\npadding:14px;\nbackground-color: #E8E8E8;\n font-size: 20px\n ;\n\n}\n\nselector .elementor-swiper-button-next:hover\n\n{\nborder-radius: 50%;\npadding:15px;\nbackground-color: #99D5CF;\nfont-size: 22px\n\n\n}\n\n\n\n\nselector .elementor-swiper-button-prev\n{\nborder-radius: 50%;\npadding:14px;\nbackground-color: #E8E8E8;\n font-size: 20px;\n \n\n}\n\nselector .elementor-swiper-button-prev:hover\n{\nborder-radius: 50%;\npadding:15px;\nbackground-color: #99D5CF;\nfont-size: 22px\n \n;\n\n}\n\n\nselector .e-font-icon-svg path \n\n{\n    fill: #545454\n    ;\n \n \n}\n\nselector .elementor-button \n{\n    border-radius: 11px;\n    background-color: #00AB9E;\n    margin-top: 260px;\n    font-size: 16px;\nfont-weight: 700;\npadding: 12px 32px;\n\n\n    \n    \n}\n\nselector .elementor-button:hover {\n    background-color: #013D36;\n}\n\n\n\n.slick-slide {\n  position: relative;\n}\n\n.slick-slide:after {\n  content: 'L\u00e6s mere'; \/* Knappens tekst *\/\n  position: absolute;\n  bottom: 10%;\n  left: 50%;\n  transform: translateX(-50%);\n  background-color: #00AB9E;\n  color: white;\n  padding: 10px 20px;\n  border-radius: 5px;\n  text-decoration: none;\n  font-size: 14px;\n  z-index: 10;\n  cursor: pointer;\n}\n\n\n"},"elements":[{"id":"53afbe57","settings":{"_title":"Slide #1","content_width":"full","grid_columns_grid":{"unit":"fr","size":1,"sizes":[]},"grid_rows_grid":{"unit":"fr","size":1,"sizes":[]},"presetTitle":"Container","presetIcon":"eicon-container"},"elements":[{"id":"5787e1a1","settings":{"image":{"url":"https:\/\/npc-eksamen.dk\/wp-content\/uploads\/2024\/12\/solgar2knap-1.png","id":2038,"size":"","alt":"","source":"library"}},"elements":[],"isInner":false,"widgetType":"image","elType":"widget"}],"isInner":true,"elType":"container","isLocked":true},{"id":"51d35996","settings":{"_title":"Slide #2"},"elements":[{"id":"397c8731","settings":{"image":{"url":"https:\/\/npc-eksamen.dk\/wp-content\/uploads\/2024\/12\/roemerknap.png","id":2039,"size":"","alt":"","source":"library"},"css_filters_saturate":{"unit":"px","size":0,"sizes":[]},"_transform_scale_effect":{"unit":"px","size":1.4,"sizes":[]}},"elements":[],"isInner":false,"widgetType":"image","elType":"widget"}],"isInner":true,"elType":"container","isLocked":true},{"id":"5e3b6f3","settings":{"_title":"Slide #3"},"elements":[{"id":"6c13fb96","settings":{"image":{"url":"https:\/\/npc-eksamen.dk\/wp-content\/uploads\/2024\/12\/solgar1knap.png","id":2040,"size":"","alt":"","source":"library"},"css_filters_saturate":{"unit":"px","size":0,"sizes":[]}},"elements":[],"isInner":false,"widgetType":"image","elType":"widget"}],"isInner":true,"elType":"container","isLocked":true},{"id":"6c262c51","settings":{"_title":"Slide #3"},"elements":[{"id":"4f9d36cf","settings":{"image":{"url":"https:\/\/npc-eksamen.dk\/wp-content\/uploads\/2024\/12\/rpemerknap25.png","id":2041,"size":"","alt":"","source":"library"}},"elements":[],"isInner":false,"widgetType":"image","elType":"widget"}],"isInner":true,"elType":"container","isLocked":true},{"id":"5e6515cd","settings":{"_title":"Slide #3"},"elements":[{"id":"6ecfebfd","settings":{"image":{"url":"https:\/\/npc-eksamen.dk\/wp-content\/uploads\/2024\/12\/husk1knap.png","id":2042,"size":"","alt":"","source":"library"}},"elements":[],"isInner":false,"widgetType":"image","elType":"widget"}],"isInner":true,"elType":"container","isLocked":true}],"isInner":false,"widgetType":"nested-carousel","elType":"widget"}],"isInner":false,"elType":"container"},{"id":"5dc0761f","settings":{"background_background":"classic","margin":{"unit":"px","top":"0","right":"0","bottom":"0","left":"0","isLinked":false},"padding":{"unit":"px","top":"20","right":"20","bottom":"20","left":"20","isLinked":true},"__globals__":{"background_color":"globals\/colors?id=2f06e8b"}},"elements":[{"id":"572c98d9","settings":{"editor":"<p>St\u00f8t dit immunforsvar<\/p>","typography_typography":"custom","typography_font_family":"Glober Regular","typography_font_size":{"unit":"px","size":32,"sizes":[]},"typography_font_weight":"bold","align_mobile":"left","typography_font_size_mobile":{"unit":"px","size":20,"sizes":[]},"_padding":{"unit":"px","top":"082","right":"0","bottom":"27","left":"0","isLinked":false},"_element_width":"inherit","_flex_align_self":"flex-start","_padding_mobile":{"unit":"px","top":"0","right":"0","bottom":"0","left":"10","isLinked":false}},"elements":[],"isInner":false,"widgetType":"text-editor","elType":"widget"},{"id":"5f96b4fe","settings":{"_skin":"product","template_id":"784","alternate_templates":[{"template_id":null,"_id":"f49ff88"}],"pagination_page_limit":"5","pagination_prev_label":"Previous","pagination_next_label":"Next","text":"Load More","load_more_no_posts_custom_message":"No more posts to show","nothing_found_message_text":"It seems we can\u2019t find what you\u2019re looking for.","columns":4,"posts_per_page":4,"_margin":{"unit":"px","top":"0","right":"0","bottom":"50","left":"0","isLinked":false}},"elements":[],"isInner":false,"widgetType":"loop-grid","elType":"widget"}],"isInner":false,"elType":"container"},{"id":"3ad0986f","settings":{"content_width":"full","min_height":{"unit":"px","size":0,"sizes":[]},"flex_justify_content":"center","flex_align_items":"flex-start","background_background":"classic","background_image":{"url":"https:\/\/npc-eksamen.dk\/wp-content\/uploads\/2024\/12\/baggrundartikler.svg","id":713,"size":"","alt":"","source":"library"},"background_position":"center center","background_repeat":"no-repeat","background_size":"cover","margin":{"unit":"px","top":"0","right":"0","bottom":"0","left":"0","isLinked":false}},"elements":[{"id":"29838e81","settings":{"editor":"<p>Artikler og guides<\/p>","typography_typography":"custom","typography_font_family":"Glober Regular","typography_font_size":{"unit":"px","size":32,"sizes":[]},"typography_font_weight":"bold","align_mobile":"left","typography_font_size_mobile":{"unit":"px","size":20,"sizes":[]},"_element_width_mobile":"inherit","_padding":{"unit":"px","top":"82","right":"0","bottom":"27","left":"90","isLinked":false},"_element_width":"inherit","_margin_mobile":{"unit":"px","top":"0","right":"0","bottom":"0","left":"0","isLinked":false},"_padding_mobile":{"unit":"px","top":"0","right":"0","bottom":"0","left":"20","isLinked":false}},"elements":[],"isInner":false,"widgetType":"text-editor","elType":"widget"},{"id":"7f4fa3e5","settings":{"carousel_items":[{"slide_title":"Slide #1","_id":"131d49e"},{"slide_title":"Slide #2","_id":"38fb46b"},{"slide_title":"Slide #3","_id":"1da3445"},{"slide_title":"Slide #3","_id":"c37d526"},{"slide_title":"Slide #3","_id":"31a1d7d"}],"slides_to_show":"5","autoplay_speed":6000,"pagination":"","custom_css":"\nselector .elementor-swiper-button-next\n\n{\nborder-radius: 50%;\npadding:14px;\nbackground-color: #E8E8E8;\n font-size: 20px\n ;\n\n}\n\nselector .elementor-swiper-button-next:hover\n\n{\nborder-radius: 50%;\npadding:15px;\nbackground-color: #99D5CF;\nfont-size: 22px\n\n\n}\n\n\n\n\nselector .elementor-swiper-button-prev\n{\nborder-radius: 50%;\npadding:14px;\nbackground-color: #E8E8E8;\n font-size: 20px;\n \n\n}\n\nselector .elementor-swiper-button-prev:hover\n{\nborder-radius: 50%;\npadding:15px;\nbackground-color: #99D5CF;\nfont-size: 22px\n \n;\n\n}\n\n\n\n\nselector .e-font-icon-svg path \n\n{\n    fill: #545454\n    ;\n \n \n}\n\nselector .elementor-button \n{\n    border-radius: 11px;\n    background-color: #00AB9E;\n    margin-top: 260px;\n    font-size: 16px;\nfont-weight: 700;\npadding: 12px 32px;\n\n\n    \n    \n}\n\nselector .elementor-button:hover {\n    background-color: #013D36;\n}\n","_padding":{"unit":"px","top":"0","right":"0","bottom":"40","left":"0","isLinked":false}},"elements":[{"id":"5cbd52aa","settings":{"_title":"Slide #1"},"elements":[{"id":"4bc20a8","settings":{"flex_direction":"column","content_width":"full","min_height":{"unit":"px","size":270,"sizes":[]},"background_background":"classic","background_color":"#FEE7D6","border_border":"solid","border_width":{"unit":"px","top":"1","right":"1","bottom":"1","left":"1","isLinked":true},"border_radius":{"unit":"px","top":"16","right":"16","bottom":"16","left":"16","isLinked":true},"box_shadow_box_shadow_type":"yes","box_shadow_box_shadow":{"horizontal":0,"vertical":4,"blur":7,"spread":0,"color":"rgba(0, 0, 0, 0.05)"},"padding":{"unit":"px","top":"0","right":"0","bottom":"0","left":"0","isLinked":false},"__globals__":{"border_color":"globals\/colors?id=a02866c"}},"elements":[{"id":"6f7c0f57","settings":{"image":{"url":"https:\/\/npc-eksamen.dk\/wp-content\/uploads\/2024\/12\/Mellisa_Artikel_Nov_2024_512x256.webp","id":563,"size":"","alt":"","source":"library"},"image_border_radius":{"unit":"px","top":"16","right":"16","bottom":"0","left":"0","isLinked":false}},"elements":[],"isInner":false,"widgetType":"image","elType":"widget"},{"id":"61fd2ccc","settings":{"editor":"<p>Mellisa - Alt du skal vide om anti-age serien<\/p>","typography_typography":"custom","typography_font_family":"Glober Regular","typography_font_size":{"unit":"px","size":14,"sizes":[]},"typography_font_weight":"600","_margin":{"unit":"px","top":"0","right":"0","bottom":"-10","left":"0","isLinked":false},"_padding":{"unit":"px","top":"0","right":"0","bottom":"0","left":"15","isLinked":false},"__globals__":{"text_color":"globals\/colors?id=52b0a28"}},"elements":[],"isInner":false,"widgetType":"text-editor","elType":"widget"},{"id":"6f146eda","settings":{"editor":"<p>Mellisa er en dansk producent af plantebaseret hudpleje, der siden 1986 har v\u00e6ret pioner inden for....<\/p>","typography_typography":"custom","typography_font_family":"Glober Regular","typography_font_size":{"unit":"px","size":13,"sizes":[]},"typography_font_weight":"400","_padding":{"unit":"px","top":"0","right":"10","bottom":"10","left":"15","isLinked":false},"__globals__":{"text_color":"globals\/colors?id=6c69d2d"}},"elements":[],"isInner":false,"widgetType":"text-editor","elType":"widget"},{"id":"dd47b34","settings":{"editor":"<p>L\u00e6s mere<\/p>","typography_typography":"custom","typography_font_size":{"unit":"px","size":11,"sizes":[]},"typography_font_weight":"700","_margin":{"unit":"px","top":"-22","right":"0","bottom":"0","left":"0","isLinked":false},"_padding":{"unit":"px","top":"0","right":"0","bottom":"0","left":"15","isLinked":false},"typography_font_family":"Glober True","custom_css":"selector p:hover{\n    color: #013D36;\n    transition: ease 0.3s;\n    cursor: pointer;\n}","__globals__":{"text_color":"globals\/colors?id=88aa344"}},"elements":[],"isInner":false,"widgetType":"text-editor","elType":"widget"}],"isInner":true,"elType":"container"}],"isInner":true,"elType":"container","isLocked":true},{"id":"77b841e6","settings":{"_title":"Slide #2"},"elements":[{"id":"35da1c4","settings":{"flex_direction":"column","content_width":"full","min_height":{"unit":"px","size":270,"sizes":[]},"background_background":"classic","background_color":"#FEE7D6","border_border":"solid","border_width":{"unit":"px","top":"1","right":"1","bottom":"1","left":"1","isLinked":true},"border_radius":{"unit":"px","top":"16","right":"16","bottom":"16","left":"16","isLinked":true},"box_shadow_box_shadow_type":"yes","box_shadow_box_shadow":{"horizontal":0,"vertical":4,"blur":7,"spread":0,"color":"rgba(0, 0, 0, 0.05)"},"padding":{"unit":"px","top":"0","right":"0","bottom":"0","left":"0","isLinked":false},"__globals__":{"border_color":"globals\/colors?id=a02866c"}},"elements":[{"id":"6f6007b5","settings":{"image":{"url":"https:\/\/npc-eksamen.dk\/wp-content\/uploads\/2024\/12\/fiberhusk-aebleskiver-opskrift2.webp","id":565,"size":"","alt":"","source":"library"},"image_border_radius":{"unit":"px","top":"16","right":"16","bottom":"0","left":"0","isLinked":false}},"elements":[],"isInner":false,"widgetType":"image","elType":"widget"},{"id":"82c22df","settings":{"editor":"<p>\u00c6bleskiver med FiberHUSK<\/p>","typography_typography":"custom","typography_font_family":"Glober Regular","typography_font_size":{"unit":"px","size":14,"sizes":[]},"typography_font_weight":"600","_margin":{"unit":"px","top":"0","right":"0","bottom":"-10","left":"0","isLinked":false},"_padding":{"unit":"px","top":"0","right":"0","bottom":"0","left":"15","isLinked":false},"__globals__":{"text_color":"globals\/colors?id=text"}},"elements":[],"isInner":false,"widgetType":"text-editor","elType":"widget"},{"id":"6c4e1261","settings":{"editor":"<p>FiberHUSK er en enkel og smagsneutral ingrediens, der kan bruges til at \u00f8ge fiberindholdet i dine yndlingsopskrifter....\u00a0<\/p>","typography_typography":"custom","typography_font_family":"Glober Regular","typography_font_size":{"unit":"px","size":13,"sizes":[]},"typography_font_weight":"400","_padding":{"unit":"px","top":"0","right":"10","bottom":"16","left":"15","isLinked":false},"__globals__":{"text_color":"globals\/colors?id=6c69d2d"}},"elements":[],"isInner":false,"widgetType":"text-editor","elType":"widget"},{"id":"6b6b812c","settings":{"editor":"<p>L\u00e6s mere<\/p>","typography_typography":"custom","typography_font_size":{"unit":"px","size":11,"sizes":[]},"typography_font_weight":"700","_margin":{"unit":"px","top":"-24","right":"0","bottom":"0","left":"0","isLinked":false},"_padding":{"unit":"px","top":"0","right":"0","bottom":"0","left":"15","isLinked":false},"typography_font_family":"Glober True","custom_css":"selector p:hover{\n    color: #013D36;\n    transition: ease 0.3s;\n    cursor: pointer;\n}","__globals__":{"text_color":"globals\/colors?id=88aa344"}},"elements":[],"isInner":false,"widgetType":"text-editor","elType":"widget"}],"isInner":true,"elType":"container"}],"isInner":true,"elType":"container","isLocked":true},{"id":"695e9169","settings":{"_title":"Slide #3"},"elements":[{"id":"5f2ef12c","settings":{"flex_direction":"column","content_width":"full","min_height":{"unit":"px","size":270,"sizes":[]},"background_background":"classic","background_color":"#FEE7D6","border_border":"solid","border_width":{"unit":"px","top":"1","right":"1","bottom":"1","left":"1","isLinked":true},"border_radius":{"unit":"px","top":"16","right":"16","bottom":"16","left":"16","isLinked":true},"box_shadow_box_shadow_type":"yes","box_shadow_box_shadow":{"horizontal":0,"vertical":4,"blur":7,"spread":0,"color":"rgba(0, 0, 0, 0.05)"},"padding":{"unit":"px","top":"0","right":"0","bottom":"0","left":"0","isLinked":false},"__globals__":{"border_color":"globals\/colors?id=a02866c"}},"elements":[{"id":"5ddb8d14","settings":{"image":{"url":"https:\/\/npc-eksamen.dk\/wp-content\/uploads\/2024\/12\/elektrolytter-hvad-er-det1.webp","id":575,"size":"","alt":"","source":"library"},"image_border_radius":{"unit":"px","top":"16","right":"16","bottom":"0","left":"0","isLinked":false}},"elements":[],"isInner":false,"widgetType":"image","elType":"widget"},{"id":"54722d25","settings":{"editor":"<p>Elektrolytter - Hvad er det?<\/p>","typography_typography":"custom","typography_font_family":"Glober Regular","typography_font_size":{"unit":"px","size":14,"sizes":[]},"typography_font_weight":"600","_margin":{"unit":"px","top":"0","right":"0","bottom":"-10","left":"0","isLinked":false},"_padding":{"unit":"px","top":"0","right":"0","bottom":"0","left":"15","isLinked":false},"__globals__":{"text_color":"globals\/colors?id=text"}},"elements":[],"isInner":false,"widgetType":"text-editor","elType":"widget"},{"id":"18f5d08d","settings":{"editor":"<p>Under tr\u00e6ning mister kroppen n\u00e6ringsstoffer og elektrolytter gennem sved. Elektrolytter bidrager til at opretholde kroppens...<\/p>","typography_typography":"custom","typography_font_family":"Glober Regular","typography_font_size":{"unit":"px","size":13,"sizes":[]},"typography_font_weight":"400","_padding":{"unit":"px","top":"0","right":"10","bottom":"16","left":"15","isLinked":false},"__globals__":{"text_color":"globals\/colors?id=6c69d2d"}},"elements":[],"isInner":false,"widgetType":"text-editor","elType":"widget"},{"id":"1da94c2","settings":{"editor":"<p>L\u00e6s mere<\/p>","typography_typography":"custom","typography_font_size":{"unit":"px","size":11,"sizes":[]},"typography_font_weight":"700","_margin":{"unit":"px","top":"-24","right":"0","bottom":"0","left":"0","isLinked":false},"_padding":{"unit":"px","top":"0","right":"0","bottom":"0","left":"15","isLinked":false},"typography_font_family":"Glober True","custom_css":"selector p:hover{\n    color: #013D36;\n    transition: ease 0.3s;\n    cursor: pointer;\n}","__globals__":{"text_color":"globals\/colors?id=88aa344"}},"elements":[],"isInner":false,"widgetType":"text-editor","elType":"widget"}],"isInner":true,"elType":"container"}],"isInner":true,"elType":"container","isLocked":true},{"id":"16688f8a","settings":{"_title":"Slide #3"},"elements":[{"id":"58f5c98e","settings":{"flex_direction":"column","content_width":"full","min_height":{"unit":"px","size":270,"sizes":[]},"background_background":"classic","background_color":"#FEE7D6","border_border":"solid","border_width":{"unit":"px","top":"1","right":"1","bottom":"1","left":"1","isLinked":true},"border_radius":{"unit":"px","top":"16","right":"16","bottom":"16","left":"16","isLinked":true},"box_shadow_box_shadow_type":"yes","box_shadow_box_shadow":{"horizontal":0,"vertical":4,"blur":7,"spread":0,"color":"rgba(0, 0, 0, 0.05)"},"padding":{"unit":"px","top":"0","right":"0","bottom":"0","left":"0","isLinked":false},"__globals__":{"border_color":"globals\/colors?id=a02866c"}},"elements":[{"id":"6142bf59","settings":{"image":{"url":"https:\/\/npc-eksamen.dk\/wp-content\/uploads\/2024\/12\/vitaminer-til-immunforsvar.webp","id":576,"size":"","alt":"","source":"library"},"image_border_radius":{"unit":"px","top":"16","right":"16","bottom":"0","left":"0","isLinked":false}},"elements":[],"isInner":false,"widgetType":"image","elType":"widget"},{"id":"6840b9ce","settings":{"editor":"<p>3 tips til at vedligeholde dit immunforsvar<\/p>","typography_typography":"custom","typography_font_family":"Glober Regular","typography_font_size":{"unit":"px","size":14,"sizes":[]},"typography_font_weight":"600","_margin":{"unit":"px","top":"0","right":"0","bottom":"-10","left":"0","isLinked":false},"_padding":{"unit":"px","top":"0","right":"0","bottom":"0","left":"15","isLinked":false},"__globals__":{"text_color":"globals\/colors?id=text"}},"elements":[],"isInner":false,"widgetType":"text-editor","elType":"widget"},{"id":"1927a8e2","settings":{"editor":"<p>I denne artikel udforsker vi DFI Gr\u00f8nne Vitaminers\u00a0C500, et syreneutralt C-vitamin, samt deres...<\/p>","typography_typography":"custom","typography_font_family":"Glober Regular","typography_font_size":{"unit":"px","size":13,"sizes":[]},"typography_font_weight":"400","_padding":{"unit":"px","top":"0","right":"10","bottom":"10","left":"15","isLinked":false},"__globals__":{"text_color":"globals\/colors?id=6c69d2d"}},"elements":[],"isInner":false,"widgetType":"text-editor","elType":"widget"},{"id":"1282baa1","settings":{"editor":"<p>L\u00e6s mere<\/p>","typography_typography":"custom","typography_font_size":{"unit":"px","size":11,"sizes":[]},"typography_font_weight":"700","_margin":{"unit":"px","top":"-20","right":"0","bottom":"0","left":"0","isLinked":false},"_padding":{"unit":"px","top":"0","right":"0","bottom":"0","left":"15","isLinked":false},"typography_font_family":"Glober True","custom_css":"selector p:hover{\n    color: #013D36;\n    transition: ease 0.3s;\n    cursor: pointer;\n}","__globals__":{"text_color":"globals\/colors?id=88aa344"}},"elements":[],"isInner":false,"widgetType":"text-editor","elType":"widget"}],"isInner":true,"elType":"container"}],"isInner":true,"elType":"container","isLocked":true},{"id":"3ebe9bae","settings":{"_title":"Slide #3"},"elements":[{"id":"7b75f579","settings":{"flex_direction":"column","content_width":"full","min_height":{"unit":"px","size":270,"sizes":[]},"background_background":"classic","background_color":"#FEE7D6","border_border":"solid","border_width":{"unit":"px","top":"1","right":"1","bottom":"1","left":"1","isLinked":true},"border_radius":{"unit":"px","top":"16","right":"16","bottom":"16","left":"16","isLinked":true},"box_shadow_box_shadow_type":"yes","box_shadow_box_shadow":{"horizontal":0,"vertical":4,"blur":7,"spread":0,"color":"rgba(0, 0, 0, 0.05)"},"padding":{"unit":"px","top":"0","right":"0","bottom":"0","left":"0","isLinked":false},"__globals__":{"border_color":"globals\/colors?id=a02866c"}},"elements":[{"id":"3329d94d","settings":{"image":{"url":"https:\/\/npc-eksamen.dk\/wp-content\/uploads\/2024\/12\/dafi-vandfiltrering2.webp","id":581,"size":"","alt":"","source":"library"},"image_border_radius":{"unit":"px","top":"16","right":"16","bottom":"0","left":"0","isLinked":false}},"elements":[],"isInner":false,"widgetType":"image","elType":"widget"},{"id":"d1e53ca","settings":{"editor":"<p>Tr\u00e6t af kalk i dit drikkevand? S\u00e5dan kommer du af med det<\/p>","typography_typography":"custom","typography_font_family":"Glober Regular","typography_font_size":{"unit":"px","size":14,"sizes":[]},"typography_font_weight":"600","_margin":{"unit":"px","top":"0","right":"0","bottom":"-10","left":"0","isLinked":false},"_padding":{"unit":"px","top":"0","right":"15","bottom":"0","left":"15","isLinked":false},"__globals__":{"text_color":"globals\/colors?id=text"}},"elements":[],"isInner":false,"widgetType":"text-editor","elType":"widget"},{"id":"53e92d80","settings":{"editor":"<p>St\u00e5r du over for udfordringer med kalkholdigt vand i hjemmet...<\/p>","typography_typography":"custom","typography_font_family":"Glober Regular","typography_font_size":{"unit":"px","size":13,"sizes":[]},"typography_font_weight":"400","_padding":{"unit":"px","top":"0","right":"10","bottom":"5","left":"15","isLinked":false},"__globals__":{"text_color":"globals\/colors?id=6c69d2d"}},"elements":[],"isInner":false,"widgetType":"text-editor","elType":"widget"},{"id":"12efd89a","settings":{"editor":"<p>L\u00e6s mere<\/p>","typography_typography":"custom","typography_font_size":{"unit":"px","size":11,"sizes":[]},"typography_font_weight":"700","_margin":{"unit":"px","top":"-3","right":"0","bottom":"0","left":"0","isLinked":false},"_padding":{"unit":"px","top":"0","right":"0","bottom":"0","left":"15","isLinked":false},"typography_font_family":"Glober True","custom_css":"selector p:hover{\n    color: #013D36;\n    transition: ease 0.3s;\n    cursor: pointer;\n}","__globals__":{"text_color":"globals\/colors?id=88aa344"}},"elements":[],"isInner":false,"widgetType":"text-editor","elType":"widget"}],"isInner":true,"elType":"container"}],"isInner":true,"elType":"container","isLocked":true}],"isInner":false,"widgetType":"nested-carousel","elType":"widget"}],"isInner":false,"elType":"container"},{"id":"1c803ce9","settings":{"margin":{"unit":"px","top":"0","right":"0","bottom":"0","left":"0","isLinked":false},"padding":{"unit":"px","top":"0","right":"0","bottom":"0","left":"0","isLinked":false}},"elements":[{"id":"30318449","settings":{"html":"<script src=\"https:\/\/static.elfsight.com\/platform\/platform.js\" async><\/script>\n<div class=\"elfsight-app-3759408a-10e2-4f57-a689-5deed0784b7a\" data-elfsight-app-lazy><\/div>","custom_css":"selector .ButtonBase__ButtonContainer-sc-p43e7i-3 {\n  font-family: \"Glober Regular\", Sans-serif !important;\n}\n\n\n\n  \n"},"elements":[],"isInner":false,"widgetType":"html","elType":"widget"}],"isInner":false,"elType":"container"}],"settings":{"template":"full-width-template.php","eael_ext_toc_title":"Table of Contents"},"metadata":[]}