{"content":[{"id":"507b47ed","settings":{"content_width":"full","width_mobile":{"unit":"px","size":1120,"sizes":[]},"boxed_width_mobile":{"unit":"px","size":500,"sizes":[]},"min_height_mobile":{"unit":"px","size":0,"sizes":[]},"flex_gap_mobile":{"column":"","row":"","isLinked":true,"unit":"px","size":null},"background_background":"classic","border_border":"none","border_width":{"unit":"px","top":"1","right":"1","bottom":"1","left":"1","isLinked":true},"border_radius":{"unit":"px","top":"28","right":"28","bottom":"28","left":"28","isLinked":true},"margin_mobile":{"unit":"px","top":"0","right":"0","bottom":"0","left":"0","isLinked":false},"padding_mobile":{"unit":"px","top":"0","right":"0","bottom":"0","left":"0","isLinked":false},"__globals__":{"background_color":""}},"elements":[{"id":"732623da","settings":{"table_items":[{"column_type":"remove","column_heading_title":"","_id":"356796b","item_remove_icon":{"value":"fas fa-times-circle","library":"fa-solid"},"item_remove_icon_color":"#807B7B","column_item_width":{"unit":"%","size":5,"sizes":[]},"column_item_width_mobile":{"unit":"px","size":0,"sizes":[]}},{"column_type":"thumbnail","column_heading_title":"Produkt","_id":"a690cb8","column_item_thumbnail_width":{"unit":"px","size":100,"sizes":[]},"column_item_thumbnail_border_radius":{"unit":"%","top":"","right":"","bottom":"","left":"","isLinked":true}},{"column_heading_title":"","_id":"8562382","column_item_width_mobile":{"unit":"px","size":1000,"sizes":[]}},{"column_type":"price","column_heading_title":"Pris","_id":"2834541","column_item_width_mobile":{"unit":"px","size":1000,"sizes":[]}},{"column_type":"quantity","column_heading_title":"","_id":"81168c5","column_item_width":{"unit":"px","size":0,"sizes":[]},"column_item_width_mobile":{"unit":"px","size":1000,"sizes":[]},"__globals__":{"column_item_quantity_field_bg_color":""}},{"column_type":"subtotal","column_heading_title":"I alt inkl. moms","_id":"8697a25","column_item_width_mobile":{"unit":"px","size":1000,"sizes":[]}}],"eael_woo_cart_table_components_thumbnail_title":"Product Title","eael_woo_cart_table_components_price_title":"Price","eael_woo_cart_table_components_qty_title":"Quantity","eael_woo_cart_table_components_subtotal_title":"Subtotal","eael_woo_cart_components_cart_clear_button_text":"Clear Cart","eael_woo_cart_components_cart_update_button_text":"Update Cart","eael_woo_cart_components_cart_coupon_button_text":"Apply Coupon","eael_woo_cart_components_cart_coupon_placeholder":"Coupon code","eael_woo_cart_components_continue_shopping_text":"Tilbage","eael_woo_cart_components_cart_checkout_button_text":"G\u00e5 til checkout","eael_woo_cart_components_empty_cart_text":"Din indk\u00f8bskurv er tom","ea_section_woo_cart_coupon_input_color":"#F88530","ea_woo_cart_btn_btn_bg_color":"#F88530","__globals__":{"ea_woo_cart_btn_btn_bg_color":"globals\/colors?id=secondary","ea_section_woo_cart_coupon_input_color":"globals\/colors?id=secondary","ea_section_woo_cart_coupon_placeholder_color":"","ea_woo_cart_coupon_btn_btn_bg_color":"globals\/colors?id=secondary","ea_woo_cart_bg_color":"globals\/colors?id=a02866c","ea_woo_cart_totals_label_color":"globals\/colors?id=52b0a28","ea_woo_cart_table_row_bg_color":""},"eael_woo_cart_components_cart_update_button":"","eael_woo_cart_components_cart_coupon":"","ea_woo_cart_bg_color":"#F2F2F2","ea_woo_cart_style2_bg_color_right":"#FAFAFA","eael_woo_cart_table_style_thead_typography_typography":"custom","eael_woo_cart_table_style_thead_typography_font_family":"Glober True","ea_woo_cart_table_row_bg_background":"classic","ea_woo_cart_table_row_bg_color":"#FFFFFF","ea_woo_cart_table_row_border_radius":{"unit":"px","top":"15","right":"15","bottom":"15","left":"15","isLinked":true},"eael_woo_cart_table_style_name_color":"#000000","eael_woo_cart_table_style_name_secondary_color":"#5D5D5D","eael_woo_cart_table_style_name_typography_typography":"custom","eael_woo_cart_table_style_name_typography_font_family":"Glober True","eael_woo_cart_table_style_icon_size":{"unit":"px","size":15,"sizes":[]},"eael_woo_cart_table_style_icon_size_mobile":{"unit":"px","size":20,"sizes":[]},"ea_woo_cart_totals_label_color":"#013D36","ea_woo_cart_totals_label_typography_typography":"custom","ea_woo_cart_totals_label_typography_font_family":"Glober True","ea_woo_cart_totals_body_typography_typography":"custom","ea_woo_cart_totals_body_typography_font_family":"Glober True","ea_woo_cart_totals_row_border_spacing":{"unit":"px","size":12,"sizes":[]},"ea_woo_cart_totals_row_border_spacing_mobile":{"unit":"px","size":12,"sizes":[]},"ea_woo_cart_coupon_btn_btn_bg_color":"#F88530","ea_section_woo_cart_continue_shopping_typo_typography":"custom","ea_section_woo_cart_continue_shopping_typo_font_family":"Glober True","ea_section_woo_cart_continue_shopping_typo_font_size":{"unit":"px","size":20,"sizes":[]},"ea_woo_checkout_coupon_icon_size":{"unit":"px","size":15,"sizes":[]},"ea_woo_cart_btn_typo_typography":"custom","ea_woo_cart_btn_typo_font_family":"Glober True","ea_woo_cart_btn_border_radius":{"unit":"px","top":"20","right":"20","bottom":"20","left":"20","isLinked":true},"ea_section_woo_cart_notice_error_typography_typography":"custom","ea_section_woo_cart_notice_error_typography_font_family":"Glober True","ea_section_woo_cart_notice_info_typography_typography":"custom","ea_section_woo_cart_notice_info_typography_font_family":"Glober True","ea_section_woo_cart_notice_message_typography_typography":"custom","ea_section_woo_cart_notice_message_typography_font_family":"Glober True","_margin_mobile":{"unit":"px","top":"0","right":"0","bottom":"0","left":"0","isLinked":true},"_padding_mobile":{"unit":"px","top":"0","right":"0","bottom":"0","left":"0","isLinked":true},"_element_width_mobile":"inherit","_element_custom_width_mobile":{"unit":"px","size":1000,"sizes":[]},"_offset_x_mobile":{"unit":"px","size":-189,"sizes":[]},"_border_border":"none","_border_width":{"unit":"px","top":"1","right":"1","bottom":"1","left":"1","isLinked":true},"_border_radius":{"unit":"px","top":"28","right":"28","bottom":"28","left":"28","isLinked":true},"custom_css":"span.eael-cart-qty-minus{\n\n}"},"elements":[],"isInner":false,"widgetType":"eael-woo-cart","elType":"widget"}],"isInner":false,"elType":"container"}],"settings":{"template":"full-width-template.php","eael_ext_toc_title":"Table of Contents"},"metadata":[]}