{"content":[{"id":"710c01c8","settings":{"flex_direction":"row","flex_gap":{"unit":"px","size":0,"column":"0","row":"0"}},"elements":[{"id":"75167f0","settings":{"flex_direction":"row","content_width":"full","width":{"unit":"%","size":60},"flex_justify_content":"space-evenly"},"elements":[{"id":"315e9048","settings":{"flex_direction":"row","flex_gap":{"unit":"px","size":0,"column":"0","row":"0"},"content_width":"full","margin":{"unit":"px","top":"0","right":"0","bottom":"0","left":"0","isLinked":false},"padding":{"unit":"px","top":"0","right":"0","bottom":"0","left":"0","isLinked":false}},"elements":[{"id":"694e71d8","settings":{"flex_direction":"column","content_width":"full","width":{"unit":"%","size":"50"},"flex_justify_content":"center","_flex_align_self":"flex-end"},"elements":[{"id":"36852329","settings":{"text":"Click here"},"elements":[],"isInner":false,"widgetType":"button","elType":"widget"}],"isInner":true,"elType":"container"},{"id":"1cfd5619","settings":{"flex_direction":"column","content_width":"full","width":{"unit":"%","size":"50"},"flex_justify_content":"center","flex_align_items":"center","_flex_align_self":"flex-end"},"elements":[{"id":"649e876d","settings":{"image":{"url":"https:\/\/npc-eksamen.dk\/wp-content\/uploads\/2024\/12\/462552343_555046634141776_4591134266737153548_n-1.png","id":83,"size":"","alt":"","source":"library"},"align":"center","width":{"unit":"%","size":67,"sizes":[]},"_margin":{"unit":"px","top":"0","right":"0","bottom":"0","left":"0","isLinked":false},"_padding":{"unit":"px","top":"0","right":"0","bottom":"0","left":"0","isLinked":false},"_flex_align_self":"center","_flex_order":"end","_flex_size":"shrink"},"elements":[],"isInner":false,"widgetType":"image","elType":"widget"}],"isInner":true,"elType":"container"}],"isInner":true,"elType":"container"}],"isInner":true,"elType":"container"},{"id":"3fa40529","settings":{"flex_direction":"column","content_width":"full","width":{"unit":"%","size":40},"margin":{"unit":"px","top":"0","right":"0","bottom":"0","left":"0","isLinked":false},"padding":{"unit":"px","top":"0","right":"0","bottom":"0","left":"0","isLinked":false}},"elements":[],"isInner":true,"elType":"container"}],"isInner":false,"elType":"container"},{"id":"9022360","settings":{"flex_direction":"row","flex_gap":{"unit":"px","size":0,"column":"0","row":"0"}},"elements":[{"id":"505d7fcd","settings":{"flex_direction":"column","content_width":"full","width":{"unit":"%","size":100}},"elements":[{"id":"3ad0b14c","settings":{"billing_details_section_title":"Billing Details","billing_details_form_fields":[{"field_key":"billing_first_name","field_label":"First Name","label":"First Name","placeholder":"First Name","_id":"396e36e"},{"field_key":"billing_last_name","field_label":"Last Name","label":"Last Name","placeholder":"Last Name","_id":"dfc737a"},{"field_key":"billing_company","field_label":"Company Name","label":"Company Name","placeholder":"Company Name","_id":"e6aed40"},{"field_key":"billing_country","field_label":"Country \/ Region","label":"Country \/ Region","placeholder":"Country \/ Region","repeater_state":"locale","_id":"c9faffe"},{"field_key":"billing_address_1","field_label":"Street Address","label":"Street Address","placeholder":"Street Address","repeater_state":"locale","_id":"b3ec1b3"},{"field_key":"billing_postcode","field_label":"Post Code","label":"Post Code","placeholder":"Post Code","repeater_state":"locale","_id":"0c4482e"},{"field_key":"billing_city","field_label":"Town \/ City","label":"Town \/ City","placeholder":"Town \/ City","repeater_state":"locale","_id":"ed44aaa"},{"field_key":"billing_state","field_label":"State","label":"State","placeholder":"State","repeater_state":"locale","_id":"a877469"},{"field_key":"billing_phone","field_label":"Phone","label":"Phone","placeholder":"Phone","_id":"943d75a"},{"field_key":"billing_email","field_label":"Email Address","label":"Email Address","placeholder":"Email Address","_id":"40506af"}],"shipping_details_section_title":"Ship to a different address?","shipping_details_form_fields":[{"field_key":"shipping_first_name","field_label":"First Name","label":"First Name","placeholder":"First Name","_id":"22419be"},{"field_key":"shipping_last_name","field_label":"Last Name","label":"Last Name","placeholder":"Last Name","_id":"f97d5f3"},{"field_key":"shipping_company","field_label":"Company Name","label":"Company Name","placeholder":"Company Name","_id":"1d78ed8"},{"field_key":"shipping_country","field_label":"Country \/ Region","label":"Country \/ Region","placeholder":"Country \/ Region","repeater_state":"locale","_id":"74a3292"},{"field_key":"shipping_address_1","field_label":"Street Address","label":"Street Address","placeholder":"Street Address","repeater_state":"locale","_id":"c3a2ef5"},{"field_key":"shipping_postcode","field_label":"Post Code","label":"Post Code","placeholder":"Post Code","repeater_state":"locale","_id":"581607d"},{"field_key":"shipping_city","field_label":"Town \/ City","label":"Town \/ City","placeholder":"Town \/ City","repeater_state":"locale","_id":"1d7ef10"},{"field_key":"shipping_state","field_label":"State","label":"State","placeholder":"State","repeater_state":"locale","_id":"5c609c3"}],"additional_information_form_fields":[{"field_key":"order_comments","field_label":"Order Notes","label":"Order Notes","placeholder":"Notes about your order, e.g. special notes for delivery.","_id":"aa7babd"}],"order_summary_section_title":"Your Order","coupon_section_title_text":"Have a coupon?","coupon_section_title_link_text":"Click here to enter your coupon code","terms_conditions_message_text":"I have read and agree to the website","terms_conditions_link_text":"terms and conditions","create_account_text":"Create an account?"},"elements":[],"isInner":false,"widgetType":"woocommerce-checkout-page","elType":"widget"}],"isInner":true,"elType":"container"}],"isInner":false,"elType":"container"}],"settings":{"template":"full-width-template.php","eael_ext_toc_title":"Table of Contents"},"metadata":[]}