{"content":[{"id":"40e3620c","settings":[],"elements":[{"id":"30fd5528","settings":{"slides":[{"heading":"Slide 1 Heading","description":"Lorem ipsum dolor sit amet consectetur adipiscing elit dolor","button_text":"Click Here","background_color":"#833ca3","_id":"3d24e7f"},{"heading":"Slide 2 Heading","description":"Lorem ipsum dolor sit amet consectetur adipiscing elit dolor","button_text":"Click Here","background_color":"#4054b2","_id":"cbf5c41"},{"heading":"Slide 3 Heading","description":"Lorem ipsum dolor sit amet consectetur adipiscing elit dolor","button_text":"Click Here","background_color":"#1abc9c","_id":"77912b1"}]},"elements":[],"isInner":false,"widgetType":"slides","elType":"widget"}],"isInner":false,"elType":"container"},{"id":"1115d7b5","settings":{"flex_direction":"row","flex_gap":{"unit":"px","size":0,"column":"0","row":"0"}},"elements":[{"id":"15397b21","settings":{"flex_direction":"column","content_width":"full","width":{"unit":"%","size":"25"}},"elements":[{"id":"4f820ca8","settings":{"title":"","percent":{"unit":"%","size":100,"sizes":[]},"display_percentage":"","inner_text":"","bar_color":"#00978694","bar_bg_color":"#02010100","bar_height":{"unit":"px","size":100,"sizes":[]},"bar_border_radius":{"unit":"px","size":0,"sizes":[]},"_margin":{"unit":"px","top":"0","right":"0","bottom":"0","left":"0","isLinked":true},"_padding":{"unit":"px","top":"0","right":"0","bottom":"0","left":"0","isLinked":true},"_element_id":"#progress1","_background_background":"classic","_background_image":{"url":"https:\/\/npc-eksamen.dk\/wp-content\/uploads\/2024\/12\/Dafibanner-scaled.webp","id":1185,"size":"","alt":"","source":"library"},"_background_position":"center center","_background_repeat":"no-repeat","_background_size":"cover","custom_css":".elementor-282 .elementor-element.elementor-element-aa13282 .elementor-progress-bar{\n   transition: width 4s ease-in-out;\n}"},"elements":[],"isInner":false,"widgetType":"progress","elType":"widget"}],"isInner":true,"elType":"container"},{"id":"2508c657","settings":{"flex_direction":"column","content_width":"full","width":{"unit":"%","size":"50"}},"elements":[{"id":"68b23a25","settings":{"title":"","inner_text":"Web Designer"},"elements":[],"isInner":false,"widgetType":"progress","elType":"widget"}],"isInner":true,"elType":"container"},{"id":"196271dc","settings":{"flex_direction":"column","content_width":"full","width":{"unit":"%","size":"25"}},"elements":[{"id":"377347df","settings":{"title":"","inner_text":"Web Designer"},"elements":[],"isInner":false,"widgetType":"progress","elType":"widget"}],"isInner":true,"elType":"container"}],"isInner":false,"elType":"container"}],"settings":{"template":"full-width-template.php","eael_ext_toc_title":"Table of Contents"},"metadata":[]}