{"content":[{"id":"24328836","settings":{"flex_justify_content":"center","background_background":"classic","background_image":{"url":"","id":"","size":"","alt":"","source":"library"},"background_position":"initial","background_ypos":{"unit":"px","size":-173,"sizes":[]},"background_repeat":"no-repeat","background_size":"cover"},"elements":[{"id":"28fd22ff","settings":{"image":{"url":"https:\/\/npc-eksamen.dk\/wp-content\/uploads\/2024\/12\/Artboard-1-1.svg","id":334,"size":"","alt":"","source":"library"},"align":"center","width":{"unit":"%","size":28,"sizes":[]},"width_tablet":{"unit":"%","size":44,"sizes":[]},"_margin":{"unit":"px","top":"50","right":"0","bottom":"20","left":"0","isLinked":false},"_margin_tablet":{"unit":"px","top":"0","right":"0","bottom":"-21","left":"0","isLinked":false},"_padding":{"unit":"px","top":"0","right":"0","bottom":"0","left":"36","isLinked":false}},"elements":[],"isInner":false,"widgetType":"image","elType":"widget"}],"isInner":false,"elType":"container"},{"id":"92829b3","settings":{"flex_direction":"row","flex_gap":{"unit":"px","size":0,"column":"0","row":"0"},"background_background":"classic","background_image":{"url":"https:\/\/npc-eksamen.dk\/wp-content\/uploads\/2024\/12\/baggrund_mecindoplus.svg","id":699,"size":"","alt":"","source":"library"},"margin":{"unit":"px","top":"0","right":"0","bottom":"0","left":"0","isLinked":false},"padding":{"unit":"px","top":"30","right":"0","bottom":"30","left":"0","isLinked":false},"__globals__":{"background_overlay_color":""}},"elements":[{"id":"e613317","settings":{"flex_direction":"column","content_width":"full","width":{"unit":"%","size":23.814},"_flex_size":"none","hide_mobile":"hidden-mobile","_element_width":"initial"},"elements":[],"isInner":true,"elType":"container"},{"id":"232fe7e1","settings":{"flex_direction":"column","content_width":"full","width":{"unit":"%","size":"50"},"background_background":"classic","__globals__":{"background_color":"","border_color":"globals\/colors?id=2f06e8b"},"border_radius":{"unit":"px","top":"11","right":"11","bottom":"11","left":"11","isLinked":true},"background_color":"#F8FDFFC4","background_image":{"url":"","id":"","size":"","alt":"","source":"library"},"background_position":"center center","background_repeat":"no-repeat","background_size":"cover","border_border":"solid","border_width":{"unit":"px","top":"3","right":"3","bottom":"3","left":"3","isLinked":true},"border_color":"#E6F5F3","box_shadow_box_shadow_type":"yes","box_shadow_box_shadow":{"horizontal":0,"vertical":4,"blur":8,"spread":0,"color":"rgba(0, 0, 0, 0.05)"}},"elements":[{"id":"63d3a97e","settings":{"editor":"<p>Log ind<\/p>","align":"left","typography_typography":"custom","typography_font_family":"Glober True","typography_font_size":{"unit":"px","size":30,"sizes":[]},"typography_font_size_mobile":{"unit":"px","size":24,"sizes":[]},"typography_font_weight":"600","_padding":{"unit":"px","top":"10","right":"10","bottom":"10","left":"39","isLinked":false},"_padding_mobile":{"unit":"px","top":"15","right":"15","bottom":"15","left":"15","isLinked":true},"_margin":{"unit":"px","top":"0","right":"0","bottom":"-25","left":"0","isLinked":false},"__globals__":{"text_color":""}},"elements":[],"isInner":false,"widgetType":"text-editor","elType":"widget"},{"id":"5a3e5400","settings":{"button_text":"Log Ind","user_label":"Email Addresse","user_placeholder":"Username or Email Address","password_label":"Password","password_placeholder":"Password","redirect_url":{"url":"\/#","is_external":"","nofollow":"","custom_attributes":""},"row_gap":{"unit":"px","size":20,"sizes":[]},"label_spacing":{"unit":"px","size":8,"sizes":[]},"label_typography_typography":"custom","label_typography_font_family":"Glober True","label_typography_font_size_mobile":{"unit":"px","size":13,"sizes":[]},"label_typography_font_weight":"400","field_typography_typography":"custom","field_typography_font_family":"Glober True","field_typography_font_size_mobile":{"unit":"px","size":13,"sizes":[]},"field_typography_font_weight":"400","button_typography_typography":"custom","button_typography_font_family":"Glober True","button_typography_font_size":{"unit":"px","size":15,"sizes":[]},"button_typography_font_weight":"700","button_border_radius":{"unit":"px","top":"11","right":"11","bottom":"11","left":"11","isLinked":true},"_margin":{"unit":"px","top":"39","right":"39","bottom":"39","left":"39","isLinked":true},"__dynamic__":[],"__globals__":{"button_background_color":"globals\/colors?id=88aa344","button_background_hover_color":"globals\/colors?id=52b0a28"},"button_size":"md","align":"center","show_lost_password":"","show_remember_me":"","show_register":""},"elements":[],"isInner":false,"widgetType":"login","elType":"widget"}],"isInner":true,"elType":"container"},{"id":"1162d458","settings":{"flex_direction":"column","content_width":"full","width":{"unit":"%","size":"25"},"hide_mobile":"hidden-mobile"},"elements":[],"isInner":true,"elType":"container"}],"isInner":false,"elType":"container"},{"id":"1b51b4e5","settings":{"flex_direction":"column","background_background":"classic","margin":{"unit":"px","top":"0","right":"0","bottom":"30","left":"0","isLinked":false},"__globals__":{"background_color":""}},"elements":[{"id":"1413a9b4","settings":{"editor":"<p>Ikke medlem? bliv medlem i dag <span style=\"color: #009786;\"><a style=\"color: #009786;\" href=\"https:\/\/npc-eksamen.dk\/bliv-medlem\/\"><span style=\"text-decoration: underline;\">her<\/span><\/a><\/span><\/p>","align":"center","typography_typography":"custom","typography_font_family":"Glober True","typography_font_size":{"unit":"px","size":17,"sizes":[]},"typography_font_size_mobile":{"unit":"px","size":24,"sizes":[]},"typography_font_weight":"600","_padding":{"unit":"px","top":"30","right":"0","bottom":"0","left":"0","isLinked":false},"_padding_mobile":{"unit":"px","top":"15","right":"15","bottom":"15","left":"15","isLinked":true},"typography_font_size_tablet":{"unit":"px","size":14,"sizes":[]},"_margin":{"unit":"px","top":"0","right":"0","bottom":"30","left":"0","isLinked":false},"__globals__":{"text_color":"globals\/colors?id=text"}},"elements":[],"isInner":false,"widgetType":"text-editor","elType":"widget"}],"isInner":false,"elType":"container"}],"settings":{"template":"full-width-template.php","eael_ext_toc_title":"Table of Contents"},"metadata":[]}