{"content":[{"id":"760087a7","settings":{"background_background":"classic","background_image":{"url":"https:\/\/npc-eksamen.dk\/wp-content\/uploads\/2024\/12\/baggrund_mecindoplus.svg","id":699,"size":"","alt":"","source":"library"},"background_position":"center center","background_repeat":"no-repeat","background_size":"cover","background_overlay_background":"classic","background_overlay_opacity":{"unit":"px","size":0.59,"sizes":[]},"margin":{"unit":"px","top":"0","right":"0","bottom":"0","left":"0","isLinked":false},"padding":{"unit":"px","top":"40","right":"0","bottom":"40","left":"0","isLinked":false},"__globals__":{"background_overlay_color":""}},"elements":[{"id":"966da9d","settings":{"editor":"<p>Blev medlem af\u00a0 <img class=\"alignnone wp-image-334 size-thumbnail\" src=\"https:\/\/npc-eksamen.dk\/wp-content\/uploads\/2024\/12\/Artboard-1-1.svg\" alt=\"\" width=\"150\" height=\"150\" \/> i dag<\/p>","align":"center","typography_typography":"custom","typography_font_family":"Glober True","typography_font_size":{"unit":"px","size":30,"sizes":[]},"typography_font_weight":"600","typography_font_size_mobile":{"unit":"px","size":30,"sizes":[]}},"elements":[],"isInner":false,"widgetType":"text-editor","elType":"widget"},{"id":"59cab39","settings":{"default_form_type":"register","log_out_link_text":"You are already logged in as [username]. ([logout_link])","lost_password_text":"Forgot Password?","remember_text":"Remember Me","login_link_text_lostpassword":" \nSign In","login_user_label":"Username or Email Address","login_password_label":"Password","login_user_placeholder":"Username or Email Address","login_password_placeholder":"Password","login_button_text":"Log In","register_fields":[{"_id":"a3fe214","field_label":"Fornavn"},{"_id":"8eba5e4","field_type":"last_name","field_label":"Efternavn"},{"field_type":"email","field_label":"Email","placeholder":"Email","required":"yes","_id":"bca29ea"},{"field_type":"password","field_label":"Password","placeholder":"Password","required":"yes","_id":"856e582"}],"reg_button_text":"Tilmeld mig","reg_email_subject":"Thank you for registering on \"Mecindo Eksamen\"!","reg_admin_email_subject":"[\"Mecindo Eksamen\"] New User Registration","lostpassword_user_label":"Username or Email Address","lostpassword_user_placeholder":"Username or Email Address","lostpassword_button_text":"Reset Password","lostpassword_email_subject":"Password Reset Confirmation","lostpassword_email_message_reset_link_text":"Click here to reset your password","resetpassword_password_label":"New Password","resetpassword_confirm_password_label":"Confirm New Password","resetpassword_password_placeholder":"New Password","resetpassword_confirm_password_placeholder":"Confirm New Password","resetpassword_button_text":"Save Password","acceptance_label":"I Accept\n the Terms and Conditions.","err_email":"Du har skrevt en ugyldig email","err_email_missing":"Email mangler eller er ugyldig","err_email_used":"Denne mail er allerede brugt. Log ind eller brug en anden emailadresse.","err_username":"","err_username_used":"","err_pass":"Ugyldigt password.","err_conf_pass":"","err_loggedin":"Du er allerede logget ind.","err_recaptcha":"You did not pass reCAPTCHA challenge.","err_reset_password_key_expired":"Your password reset link appears to be invalid. Please request a new link.","err_tc":"You did not accept the Terms and Conditions. Please accept it and try again.","err_unknown":"Noget gik galt!","err_phone_number_missing":"","err_phone_number_invalid":"","success_login":"Du er nu logget ind","success_register":"","success_lostpassword":"Check your email for the confirmation link.","success_resetpassword":"","rmark_sign":"*","registration_link_text":" \nRegister Now","login_link_text":" \nSign In","mark_required":"yes","register_user_role":"customer","reg_email_message":"<p>Thank you for registering on \"Mecindo Eksamen\"!<\/p><p>Username: [username]<\/p><p>Password: [password]<\/p><p>To reset your password, visit the following address:<\/p><p>[password_reset_link]<\/p><p>Please click the following address to login to your account:<\/p><p>https:\/\/npc-eksamen.dk\/wp-login.php<\/p>","reg_admin_email_message":"<p>New user registration on your site Mecindo Eksamen<\/p><p>Username: [username]<\/p><p>Email: [email]<\/p>","acceptance_text":"<p>Please go through the following terms and conditions carefully.<\/p>","form_form_wrap_po_toggle":"yes","eael_form_wrap_width":{"unit":"%","size":50,"sizes":[]},"eael_form_wrap_border_border":"solid","eael_form_wrap_border_width":{"unit":"px","top":"3","right":"3","bottom":"3","left":"3","isLinked":true},"eael_form_wrap_border_radius":{"unit":"px","top":"11","right":"11","bottom":"11","left":"11","isLinked":true},"eael_form_wrap_bg_color_background":"classic","eael_form_wrap_bg_color_color":"#F8FDFFC4","eael_form_wrap_shadow_box_shadow_type":"yes","eael_form_wrap_shadow_box_shadow":{"horizontal":0,"vertical":4,"blur":10,"spread":0,"color":"rgba(0, 0, 0, 0.05)"},"form_form_po_toggle":"yes","eael_form_width":{"unit":"%","size":100,"sizes":[]},"register_fhc_po_toggle":"yes","register_form_img_width":{"unit":"px","size":145,"sizes":[]},"register_form_img_shadow_box_shadow_type":"yes","register_form_title_typo_typography":"custom","register_form_title_typo_font_family":"Glober True","register_form_subtitle_typo_typography":"custom","register_form_subtitle_typo_font_family":"Glober True","eael_fields_typography_typography":"custom","eael_fields_typography_font_family":"Glober True","eael_label_typography_typography":"custom","eael_label_typography_font_family":"Glober True","login_btn_typography_typography":"custom","login_btn_typography_font_family":"Glober True","register_btn_typography_typography":"custom","register_btn_typography_font_family":"Glober True","register_btn_bg_color_background":"classic","register_btn_bg_color_color":"#F88530","register_btn_border_radius":{"unit":"px","top":"11","right":"11","bottom":"11","left":"11","isLinked":true},"register_btn_bg_color_hover_background":"classic","register_btn_bg_color_hover_color":"#A95110","register_link_pot":"yes","register_link_typography_typography":"custom","register_link_typography_font_family":"Glober True","register_link_color":"#F8FDFF","__globals__":{"register_btn_bg_color_color":"globals\/colors?id=d279380","register_btn_bg_color_hover_color":"globals\/colors?id=d25cd4d","register_link_color":"globals\/colors?id=c762090","eael_form_wrap_bg_color_color":"","eael_form_wrap_border_color":"globals\/colors?id=2f06e8b","register_btn_color":"globals\/colors?id=3d62394"},"eael_form_width_tablet":{"unit":"%","size":100,"sizes":[]},"eael_form_ic_margin_mobile":{"unit":"px","top":"0","right":"0","bottom":"0","left":"0","isLinked":true},"eael_form_ic_padding_mobile":{"unit":"px","top":"0","right":"0","bottom":"0","left":"0","isLinked":false},"eael_form_field_po_toggle":"yes","eael_form_field_padding_mobile":{"unit":"px","top":"10","right":"10","bottom":"10","left":"10","isLinked":true},"eael_fields_typography_font_size_mobile":{"unit":"px","size":12,"sizes":[]},"eael_label_typography_font_size_mobile":{"unit":"px","size":13,"sizes":[]},"register_btn_typography_font_size_mobile":{"unit":"px","size":15,"sizes":[]},"register_btn_typography_font_weight":"600"},"elements":[],"isInner":false,"widgetType":"eael-login-register","elType":"widget"},{"id":"394903a8","settings":{"flex_direction":"column","content_width":"full","flex_direction_mobile":"row"},"elements":[{"id":"4e8cb64a","settings":{"flex_direction":"row","flex_gap":{"unit":"px","size":0,"column":"0","row":"0"},"content_width":"full","padding":{"unit":"px","top":"0","right":"0","bottom":"0","left":"0","isLinked":false}},"elements":[{"id":"18c59dbd","settings":{"flex_direction":"column","content_width":"full","width":{"unit":"%","size":"50"},"flex_justify_content":"center","flex_align_items":"flex-end","padding":{"unit":"px","top":"0","right":"0","bottom":"0","left":"0","isLinked":false},"_flex_align_self":"center","width_mobile":{"unit":"%","size":73,"sizes":[]}},"elements":[{"id":"615b125c","settings":{"editor":"<p>Se alle fordelene ved medlemskab<\/p>","align":"right","_padding":{"unit":"px","top":"0","right":"0","bottom":"0","left":"0","isLinked":false},"__globals__":{"text_color":"globals\/colors?id=6c69d2d"},"typography_typography":"custom","typography_font_family":"Glober True","typography_font_size_mobile":{"unit":"px","size":15,"sizes":[]},"typography_font_weight":"400"},"elements":[],"isInner":false,"widgetType":"text-editor","elType":"widget"}],"isInner":true,"elType":"container"},{"id":"4db9801a","settings":{"flex_direction":"column","content_width":"full","width":{"unit":"%","size":4},"flex_justify_content":"center","flex_align_items":"flex-start","padding":{"unit":"px","top":"0","right":"0","bottom":"0","left":"0","isLinked":false},"_flex_align_self":"center","width_mobile":{"unit":"%","size":14,"sizes":[]}},"elements":[{"id":"4a2c4c0c","settings":{"text":"Her","align":"left","typography_typography":"custom","typography_font_family":"Glober True","typography_font_weight":"600","background_color":"#99D5CF00","border_radius":{"unit":"px","top":"0","right":"0","bottom":"0","left":"0","isLinked":false},"text_padding":{"unit":"px","top":"0","right":"0","bottom":"0","left":"0","isLinked":false},"_margin":{"unit":"px","top":"0","right":"0","bottom":"0","left":"0","isLinked":false},"_padding":{"unit":"px","top":"0","right":"0","bottom":"0","left":"4","isLinked":false},"__dynamic__":{"link":"[elementor-tag id=\"8ec4005\" name=\"popup\" settings=\"%7B%22popup%22%3A%22329%22%7D\"]"},"__globals__":{"button_text_color":"globals\/colors?id=88aa344"}},"elements":[],"isInner":false,"widgetType":"button","elType":"widget"}],"isInner":true,"elType":"container"}],"isInner":true,"elType":"container"}],"isInner":true,"elType":"container"}],"isInner":false,"elType":"container"}],"settings":{"template":"full-width-template.php","eael_ext_toc_title":"Table of Contents"},"metadata":[]}