{"content":[{"id":"30870fc4","settings":{"content_width":"full","margin":{"unit":"px","top":"0","right":"0","bottom":"0","left":"0","isLinked":false},"padding":{"unit":"px","top":"0","right":"0","bottom":"0","left":"0","isLinked":false}},"elements":[{"id":"1a5c2673","settings":{"youtube_url":"https:\/\/www.youtube.com\/watch?v=Lm5wMWEs4oU","vimeo_url":"https:\/\/vimeo.com\/235215203","dailymotion_url":"https:\/\/www.dailymotion.com\/video\/x6tqhqb","hosted_url":{"url":"https:\/\/npc-eksamen.dk\/wp-content\/uploads\/2024\/12\/mecindo-dafi.mp4","id":1424,"size":"","alt":"","source":"library"},"videopress_url":"https:\/\/videopress.com\/v\/ZCAOzTNk","autoplay":"yes","play_on_mobile":"yes","mute":"yes","loop":"yes","controls":"","_margin":{"unit":"px","top":"0","right":"0","bottom":"0","left":"0","isLinked":false},"_padding":{"unit":"px","top":"0","right":"0","bottom":"0","left":"0","isLinked":false},"_element_width":"inherit","lazy_load":"yes","css_filters_css_filter":"custom"},"elements":[],"isInner":false,"widgetType":"video","elType":"widget"}],"isInner":false,"elType":"container"},{"id":"4b26398b","settings":{"flex_direction":"row","flex_gap":{"unit":"px","size":0,"column":"0","row":"0"},"background_background":"classic","__globals__":{"background_color":"globals\/colors?id=2f06e8b"},"margin":{"unit":"px","top":"0","right":"0","bottom":"0","left":"0","isLinked":true},"padding":{"unit":"px","top":"82","right":"0","bottom":"27","left":"0","isLinked":false},"padding_mobile":{"unit":"px","top":"20","right":"0","bottom":"0","left":"0","isLinked":false},"padding_tablet":{"unit":"px","top":"20","right":"0","bottom":"0","left":"0","isLinked":false}},"elements":[{"id":"52ef01bd","settings":{"flex_direction":"column","content_width":"full","width":{"unit":"%","size":100},"padding":{"unit":"px","top":"0","right":"0","bottom":"0","left":"0","isLinked":true},"padding_tablet":{"unit":"px","top":"0","right":"0","bottom":"0","left":"30","isLinked":false},"padding_mobile":{"unit":"px","top":"0","right":"0","bottom":"0","left":"20","isLinked":false}},"elements":[{"id":"6a4e9076","settings":{"title":"Dafi produkter","typography_typography":"custom","typography_font_family":"Glober True","typography_font_weight":"600","__globals__":{"title_color":"globals\/colors?id=text","typography_typography":""},"title_color":"#013D36","typography_font_size":{"unit":"px","size":32,"sizes":[]},"align_mobile":"center","typography_font_size_mobile":{"unit":"px","size":23,"sizes":[]},"_padding_tablet":{"unit":"px","top":"0","right":"0","bottom":"0","left":"0","isLinked":false},"_flex_align_self_tablet":"flex-start","typography_font_size_tablet":{"unit":"px","size":25,"sizes":[]}},"elements":[],"isInner":false,"widgetType":"heading","elType":"widget"}],"isInner":true,"elType":"container"}],"isInner":false,"elType":"container"},{"id":"c054b1f","settings":{"padding":{"unit":"px","top":"0","right":"0","bottom":"100","left":"0","isLinked":false},"background_background":"classic","__globals__":{"background_color":"globals\/colors?id=2f06e8b"},"padding_mobile":{"unit":"px","top":"0","right":"0","bottom":"20","left":"0","isLinked":false},"padding_tablet":{"unit":"px","top":"0","right":"20","bottom":"20","left":"20","isLinked":false}},"elements":[{"id":"7f941af0","settings":{"carousel_items":[{"_id":"1af26ac","slide_title":"Slide #1"},{"_id":"471e830","slide_title":"Slide #2"},{"_id":"c220f31","slide_title":"Slide #3"},{"_id":"902b694","slide_title":"Slide #4"}],"autoplay_speed":3000,"navigation_previous_icon_vertical_position":{"unit":"px","size":9,"sizes":[]},"navigation_next_icon_vertical_position":{"unit":"px","size":9,"sizes":[]},"pagination":"","_border_border":"solid","_border_width":{"unit":"px","top":"0","right":"0","bottom":"0","left":"0","isLinked":false},"_border_radius":{"unit":"px","top":"0","right":"0","bottom":"0","left":"0","isLinked":true},"__globals__":{"_border_color":"globals\/colors?id=a02866c"},"slides_to_show_tablet":"3","navigation_previous_icon":{"value":"fas fa-chevron-left","library":"fa-solid"},"navigation_next_icon":{"value":"fas fa-chevron-right","library":"fa-solid"},"custom_css":"selector .elementor-swiper-button-next\n\n{\nborder-radius: 50%;\npadding:14px;\nbackground-color: #E8E8E8;\n font-size: 20px\n ;\n\n}\n\nselector .elementor-swiper-button-next:hover\n\n{\nborder-radius: 50%;\npadding:15px;\nbackground-color: #99D5CF;\nfont-size: 22px\n\n\n}\n\n\n\n\nselector .elementor-swiper-button-prev\n{\nborder-radius: 50%;\npadding:14px;\nbackground-color: #E8E8E8;\n font-size: 20px;\n\n \n\n}\n\nselector .elementor-swiper-button-prev:hover\n{\nborder-radius: 50%;\npadding:15px;\nbackground-color: #99D5CF;\nfont-size: 22px\n\n;\n\n}\n\n\n\n\nselector .e-font-icon-svg path \n\n{\n    fill: #545454\n    ;\n \n \n}\n\nselector .elementor-button \n{\n    border-radius: 11px;\n    background-color: #00AB9E;\n    margin-top: 260px;\n    font-size: 16px;\nfont-weight: 700;\npadding: 12px 32px;\n\n\n    \n    \n}\n\nselector .elementor-button:hover {\n    background-color: #013D36;\n}\n\n\n\n.slick-slide {\n  position: relative;\n}\n\n.slick-slide:after {\n  content: 'L\u00e6s mere'; \/* Knappens tekst *\/\n  position: absolute;\n  bottom: 10%;\n  left: 50%;\n  transform: translateX(-50%);\n  background-color: #00AB9E;\n  color: white;\n  padding: 10px 20px;\n  border-radius: 5px;\n  text-decoration: none;\n  font-size: 14px;\n  z-index: 10;\n  cursor: pointer;\n}\n\n\n","slides_to_show":"4","slides_to_scroll":"4","_margin":{"unit":"px","top":"0","right":"0","bottom":"0","left":"0","isLinked":false},"_padding":{"unit":"px","top":"0","right":"0","bottom":"0","left":"0","isLinked":false},"_padding_mobile":{"unit":"px","top":"20","right":"36","bottom":"20","left":"36","isLinked":false}},"elements":[{"id":"68b0bcfb","settings":{"_title":"Slide #2"},"elements":[{"id":"4981518","settings":{"_skin":"product","template_id":"784","alternate_templates":[{"template_id":null,"_id":"5bf5d35"}],"pagination_page_limit":"5","pagination_prev_label":"Previous","pagination_next_label":"Next","text":"Load More","load_more_no_posts_custom_message":"No more posts to show","nothing_found_message_text":"It seems we can\u2019t find what you\u2019re looking for.","columns":1,"posts_per_page":1,"product_query_include":["terms"],"product_query_include_term_ids":["27"],"columns_tablet":1,"_padding_tablet":{"unit":"px","top":"0","right":"0","bottom":"0","left":"0","isLinked":true}},"elements":[],"isInner":false,"widgetType":"loop-grid","elType":"widget"}],"isInner":true,"elType":"container","isLocked":true},{"id":"51e3a1a0","settings":{"_title":"Slide #3"},"elements":[{"id":"3a2abae6","settings":{"_skin":"product","template_id":"784","alternate_templates":[{"template_id":null,"_id":"5bf5d35"}],"pagination_page_limit":"5","pagination_prev_label":"Previous","pagination_next_label":"Next","text":"Load More","load_more_no_posts_custom_message":"No more posts to show","nothing_found_message_text":"It seems we can\u2019t find what you\u2019re looking for.","columns":1,"posts_per_page":1,"product_query_include":["terms"],"product_query_include_term_ids":["27"],"product_query_orderby":"rand","columns_tablet":1},"elements":[],"isInner":false,"widgetType":"loop-grid","elType":"widget"}],"isInner":true,"elType":"container","isLocked":true},{"id":"562da788","settings":{"_title":"Slide #4"},"elements":[{"id":"235f1bfc","settings":{"_skin":"product","template_id":"784","alternate_templates":[{"template_id":null,"_id":"5bf5d35"}],"pagination_page_limit":"5","pagination_prev_label":"Previous","pagination_next_label":"Next","text":"Load More","load_more_no_posts_custom_message":"No more posts to show","nothing_found_message_text":"It seems we can\u2019t find what you\u2019re looking for.","columns":1,"posts_per_page":1,"product_query_include":["terms"],"product_query_include_term_ids":["27"],"product_query_exclude":["terms"],"product_query_orderby":"rand","columns_tablet":1},"elements":[],"isInner":false,"widgetType":"loop-grid","elType":"widget"}],"isInner":true,"elType":"container","isLocked":true},{"id":"6eea8e66","settings":{"_title":"Slide #4"},"elements":[{"id":"2e19ddab","settings":{"_skin":"product","template_id":"784","alternate_templates":[{"template_id":null,"_id":"5bf5d35"}],"pagination_page_limit":"5","pagination_prev_label":"Previous","pagination_next_label":"Next","text":"Load More","load_more_no_posts_custom_message":"No more posts to show","nothing_found_message_text":"It seems we can\u2019t find what you\u2019re looking for.","columns":1,"posts_per_page":1,"product_query_include":["terms"],"product_query_include_term_ids":["27"],"product_query_exclude":["terms"],"product_query_orderby":"rand","columns_tablet":1},"elements":[],"isInner":false,"widgetType":"loop-grid","elType":"widget"}],"isInner":true,"elType":"container","isLocked":true}],"isInner":false,"widgetType":"nested-carousel","elType":"widget"},{"id":"6e04b8e9","settings":{"text":"G\u00e5 til Dafi-kanden","typography_typography":"custom","typography_font_family":"Glober True","typography_font_weight":"600","border_radius":{"unit":"px","top":"011","right":"011","bottom":"011","left":"011","isLinked":true},"text_padding":{"unit":"px","top":"15","right":"15","bottom":"15","left":"15","isLinked":false},"__globals__":{"background_color":"globals\/colors?id=88aa344","button_background_hover_color":"globals\/colors?id=52b0a28"},"link":{"url":"https:\/\/npc-eksamen.dk\/shop\/dafi-vandfilterkande-24-l-hvid\/","is_external":"on","nofollow":"","custom_attributes":""},"_padding_mobile":{"unit":"px","top":"0","right":"0","bottom":"20","left":"0","isLinked":false},"_flex_align_self_mobile":"center","align":"left","_padding":{"unit":"px","top":"0","right":"10","bottom":"0","left":"0","isLinked":false},"_flex_align_self":"flex-end"},"elements":[],"isInner":false,"widgetType":"button","elType":"widget"}],"isInner":false,"elType":"container"},{"id":"2714038f","settings":{"content_width":"full","flex_direction":"row","margin":{"unit":"px","top":"0","right":"0","bottom":"0","left":"0","isLinked":false},"padding":{"unit":"px","top":"0","right":"0","bottom":"0","left":"0","isLinked":false},"flex_justify_content":"center","flex_direction_tablet":"column","margin_mobile":{"unit":"px","top":"0","right":"0","bottom":"0","left":"0","isLinked":false},"padding_mobile":{"unit":"px","top":"0","right":"0","bottom":"0","left":"0","isLinked":false},"animation_tablet":"none"},"elements":[{"id":"4680d815","settings":{"content_width":"full","width":{"unit":"%","size":40},"flex_justify_content":"center","flex_align_items":"center","background_background":"classic","background_image":{"url":"https:\/\/npc-eksamen.dk\/wp-content\/uploads\/2024\/12\/Kampagnestreger.svg","id":3299,"size":"","alt":"","source":"library"},"background_position":"center center","background_repeat":"no-repeat","background_size":"cover","_flex_size":"none","_element_width":"initial","padding":{"unit":"px","top":"28","right":"28","bottom":"28","left":"28","isLinked":true},"margin":{"unit":"px","top":"0","right":"0","bottom":"0","left":"0","isLinked":true},"_flex_order":"start","width_tablet":{"unit":"%","size":100,"sizes":[]},"width_mobile":{"unit":"%","size":"","sizes":[]},"padding_mobile":{"unit":"px","top":"20","right":"20","bottom":"20","left":"20","isLinked":true},"padding_tablet":{"unit":"px","top":"030","right":"030","bottom":"030","left":"030","isLinked":true}},"elements":[{"id":"116108d6","settings":{"editor":"<h2>S\u00e5dan bruger du Dafi kanden<\/h2><p>\u00a0<\/p><p><span style=\"white-space-collapse: preserve;\"><strong>Forbered filteret<\/strong>: Skyl det nye filter under koldt vand i ca. 1-2 minutter for at fjerne eventuelt kulst\u00f8v.<\/span><\/p><p>\u00a0<\/p><p><strong>Mont\u00e9r filteret<\/strong>: Plac\u00e9r filteret i vandkandens beholder og tryk det forsigtigt p\u00e5 plads<\/p><p>\u00a0<\/p><p><strong>Fyld op med vand<\/strong>: H\u00e6ld koldt vand i kanden. Vandet vil langsomt l\u00f8be gennem filteret og blive renset.<\/p><p>\u00a0<\/p><p><strong>Aktiver p\u00e5mindelsen<\/strong>: Indstil den elektroniske eller manuelle p\u00e5mindelse (hvis kanden har en) for at huske, hvorn\u00e5r filteret skal skiftes.<\/p><p>\u00a0<\/p><p><span style=\"white-space-collapse: preserve;\"><strong>Drik og nyd<\/strong>: N\u00e5r filtreringen er f\u00e6rdig, er vandet klart til at drikkes eller bruges til madlavning.<br \/><\/span><\/p>","column_gap":{"unit":"px","size":0,"sizes":[]},"text_color":"#013D36","typography_typography":"custom","typography_font_family":"Glober Regular","typography_font_size":{"unit":"px","size":19,"sizes":[]},"typography_font_weight":"400","__globals__":{"text_color":"globals\/colors?id=52b0a28","typography_typography":""},"align":"left","_padding":{"unit":"px","top":"0","right":"40","bottom":"0","left":"40","isLinked":false},"_element_width":"inherit","hide_mobile":"hidden-mobile","hide_tablet":"hidden-tablet"},"elements":[],"isInner":false,"widgetType":"text-editor","elType":"widget"},{"id":"69703751","settings":{"text":"G\u00e5 til Dafi-kanden","typography_typography":"custom","typography_font_family":"Glober True","typography_font_weight":"600","border_radius":{"unit":"px","top":"011","right":"011","bottom":"011","left":"011","isLinked":true},"text_padding":{"unit":"px","top":"15","right":"15","bottom":"15","left":"15","isLinked":false},"__globals__":{"background_color":"globals\/colors?id=88aa344","button_background_hover_color":"globals\/colors?id=52b0a28"},"_margin":{"unit":"px","top":"0","right":"0","bottom":"0","left":"34","isLinked":false},"_padding":{"unit":"px","top":"0","right":"0","bottom":"0","left":"0","isLinked":false},"_flex_align_self":"flex-start","link":{"url":"https:\/\/npc-eksamen.dk\/shop\/dafi-vandfilterkande-24-l-hvid\/","is_external":"on","nofollow":"","custom_attributes":""},"hide_mobile":"hidden-mobile","hide_tablet":"hidden-tablet"},"elements":[],"isInner":false,"widgetType":"button","elType":"widget"},{"id":"794db06a","settings":{"title":"S\u00e5dan bruger du Dafi kanden","typography_typography":"custom","typography_font_family":"Glober True","typography_font_size_mobile":{"unit":"px","size":23,"sizes":[]},"typography_font_weight":"600","__globals__":{"title_color":"globals\/colors?id=52b0a28"},"typography_font_size_tablet":{"unit":"px","size":25,"sizes":[]},"_padding_tablet":{"unit":"px","top":"0","right":"0","bottom":"0","left":"0","isLinked":false},"_flex_align_self_tablet":"flex-start","_animation_tablet":"fadeInLeft","hide_desktop":"hidden-desktop"},"elements":[],"isInner":false,"widgetType":"heading","elType":"widget"},{"id":"2f09314b","settings":{"items":[{"item_title":"Forbered filteret","_id":"c22c356"},{"item_title":"Monter filteret","_id":"db9fa90"},{"item_title":"Fyld op med vand","_id":"a1828d3"},{"item_title":"Aktiver p\u00e5mindelsen","_id":"840299c"},{"item_title":"Drik og nyd","_id":"4db9ce3"}],"accordion_item_title_position_horizontal":"stretch","accordion_item_title_icon_position":"end","accordion_item_title_icon":{"value":"fas fa-chevron-right","library":"fa-solid"},"accordion_item_title_icon_active":{"value":"fas fa-chevron-down","library":"fa-solid"},"default_state":"all_collapsed","accordion_border_normal_border":"solid","accordion_border_normal_width":{"unit":"px","top":"0","right":"0","bottom":"1","left":"0","isLinked":false},"title_typography_typography":"custom","title_typography_font_family":"Glober True","title_typography_font_size":{"unit":"px","size":20,"sizes":[]},"title_typography_font_weight":"bold","__globals__":{"accordion_border_normal_color":"globals\/colors?id=6c69d2d","normal_title_color":"globals\/colors?id=text","hover_title_color":"globals\/colors?id=88aa344","active_title_color":"globals\/colors?id=88aa344","accordion_background_normal_color":"","accordion_background_hover_color":""},"accordion_background_normal_background":"classic","accordion_border_normal_color":"#545454","accordion_background_hover_background":"classic","accordion_padding":{"unit":"px","top":"17","right":"17","bottom":"17","left":"17","isLinked":true},"normal_title_color":"#013D36","hover_title_color":"#009786","active_title_color":"#009786","_padding":{"unit":"px","top":"0","right":"0","bottom":"0","left":"0","isLinked":false},"_border_border":"none","_border_width":{"unit":"px","top":"0","right":"0","bottom":"1","left":"0","isLinked":false},"n_accordion_animation_duration":{"unit":"ms","size":200,"sizes":[]},"title_typography_font_size_mobile":{"unit":"px","size":14,"sizes":[]},"_padding_mobile":{"unit":"px","top":"0","right":"13","bottom":"0","left":"0","isLinked":false},"_padding_tablet":{"unit":"px","top":"0","right":"0","bottom":"0","left":"0","isLinked":false},"_animation_tablet":"fadeInLeft","hide_desktop":"hidden-desktop"},"elements":[{"id":"470a9f5d","settings":{"_title":"item #1","content_width":"full","background_background":"classic","background_color":"#F3FFFE","border_border":"none","__globals__":{"background_color":""}},"elements":[{"id":"6dff286f","settings":{"editor":"<p>Lorem ipsum dolor sit amet, consectetur adipiscing elit. Proin eget sagittis ante, eget auctor elit. Pellentesque id convallis elit, at convallis turpis. Nunc blandit ultrices risus, et volutpat justo viverra consequat. Mauris elementum nisl massa, eu egestas magna porta eleifend. In volutpat, urna vitae gravida ultricies, nunc purus vulputate nunc, non posuere eros nisi et mauris. Suspendisse a justo eros.<\/p>","typography_typography":"custom","typography_font_family":"Glober True","typography_font_size_mobile":{"unit":"px","size":12,"sizes":[]},"typography_font_weight":"400"},"elements":[],"isInner":false,"widgetType":"text-editor","elType":"widget"}],"isInner":true,"elType":"container","isLocked":true},{"id":"6924854e","settings":{"_title":"item #1","content_width":"full","background_background":"classic","background_color":"#F3FFFE","border_border":"none","__globals__":{"background_color":""}},"elements":[{"id":"1407aa0c","settings":{"editor":"<p>Lorem ipsum dolor sit amet, consectetur adipiscing elit. Proin eget sagittis ante, eget auctor elit. Pellentesque id convallis elit, at convallis turpis. Nunc blandit ultrices risus, et volutpat justo viverra consequat. Mauris elementum nisl massa, eu egestas magna porta eleifend. In volutpat, urna vitae gravida ultricies, nunc purus vulputate nunc, non posuere eros nisi et mauris. Suspendisse a justo eros.<\/p>","typography_typography":"custom","typography_font_family":"Glober True","typography_font_size_mobile":{"unit":"px","size":12,"sizes":[]},"typography_font_weight":"400"},"elements":[],"isInner":false,"widgetType":"text-editor","elType":"widget"}],"isInner":true,"elType":"container","isLocked":true},{"id":"37275164","settings":{"_title":"item #1","content_width":"full","background_background":"classic","background_color":"#F3FFFE","border_border":"none","__globals__":{"background_color":""}},"elements":[{"id":"1b4882d2","settings":{"editor":"<p>Lorem ipsum dolor sit amet, consectetur adipiscing elit. Proin eget sagittis ante, eget auctor elit. Pellentesque id convallis elit, at convallis turpis. Nunc blandit ultrices risus, et volutpat justo viverra consequat. Mauris elementum nisl massa, eu egestas magna porta eleifend. In volutpat, urna vitae gravida ultricies, nunc purus vulputate nunc, non posuere eros nisi et mauris. Suspendisse a justo eros.<\/p>","typography_typography":"custom","typography_font_family":"Glober True","typography_font_size_mobile":{"unit":"px","size":12,"sizes":[]},"typography_font_weight":"400"},"elements":[],"isInner":false,"widgetType":"text-editor","elType":"widget"}],"isInner":true,"elType":"container","isLocked":true},{"id":"2d96541d","settings":{"_title":"item #1","content_width":"full","background_background":"classic","background_color":"#F3FFFE","border_border":"none","__globals__":{"background_color":""}},"elements":[{"id":"4e1f9757","settings":{"editor":"<p>Lorem ipsum dolor sit amet, consectetur adipiscing elit. Proin eget sagittis ante, eget auctor elit. Pellentesque id convallis elit, at convallis turpis. Nunc blandit ultrices risus, et volutpat justo viverra consequat. Mauris elementum nisl massa, eu egestas magna porta eleifend. In volutpat, urna vitae gravida ultricies, nunc purus vulputate nunc, non posuere eros nisi et mauris. Suspendisse a justo eros.<\/p>","typography_typography":"custom","typography_font_family":"Glober True","typography_font_size_mobile":{"unit":"px","size":12,"sizes":[]},"typography_font_weight":"400"},"elements":[],"isInner":false,"widgetType":"text-editor","elType":"widget"}],"isInner":true,"elType":"container","isLocked":true},{"id":"64b22eee","settings":{"_title":"item #1","content_width":"full","background_background":"classic","background_color":"#F3FFFE","border_border":"none","__globals__":{"background_color":""}},"elements":[{"id":"6d66e841","settings":{"editor":"<p>Lorem ipsum dolor sit amet, consectetur adipiscing elit. Proin eget sagittis ante, eget auctor elit. Pellentesque id convallis elit, at convallis turpis. Nunc blandit ultrices risus, et volutpat justo viverra consequat. Mauris elementum nisl massa, eu egestas magna porta eleifend. In volutpat, urna vitae gravida ultricies, nunc purus vulputate nunc, non posuere eros nisi et mauris. Suspendisse a justo eros.<\/p>","typography_typography":"custom","typography_font_family":"Glober True","typography_font_size_mobile":{"unit":"px","size":12,"sizes":[]},"typography_font_weight":"400"},"elements":[],"isInner":false,"widgetType":"text-editor","elType":"widget"}],"isInner":true,"elType":"container","isLocked":true}],"isInner":false,"widgetType":"nested-accordion","elType":"widget"}],"isInner":true,"elType":"container"},{"id":"1d543bcf","settings":{"content_width":"full","width":{"unit":"%","size":60},"margin":{"unit":"px","top":"0","right":"0","bottom":"0","left":"0","isLinked":false},"padding":{"unit":"px","top":"0","right":"0","bottom":"0","left":"0","isLinked":false},"_flex_size":"none","_element_width":"initial","width_tablet":{"unit":"%","size":100,"sizes":[]},"width_mobile":{"unit":"%","size":"","sizes":[]},"flex_justify_content":"center","margin_mobile":{"unit":"px","top":"-20","right":"0","bottom":"0","left":"0","isLinked":false},"padding_mobile":{"unit":"px","top":"0","right":"0","bottom":"0","left":"0","isLinked":false}},"elements":[{"id":"724b3d6e","settings":{"video_type":"hosted","youtube_url":"https:\/\/www.youtube.com\/watch?v=XHOmBV4js_E","vimeo_url":"https:\/\/vimeo.com\/235215203","dailymotion_url":"https:\/\/www.dailymotion.com\/video\/x6tqhqb","hosted_url":{"url":"https:\/\/npc-eksamen.dk\/wp-content\/uploads\/2024\/12\/dafi-produkt_v3.mp4","id":1420,"size":"","alt":"","source":"library"},"videopress_url":"https:\/\/videopress.com\/v\/ZCAOzTNk","_padding":{"unit":"px","top":"0","right":"0","bottom":"0","left":"0","isLinked":true},"_margin_mobile":{"unit":"px","top":"0","right":"0","bottom":"0","left":"0","isLinked":false},"_padding_mobile":{"unit":"px","top":"0","right":"0","bottom":"0","left":"0","isLinked":false}},"elements":[],"isInner":false,"widgetType":"video","elType":"widget"}],"isInner":true,"elType":"container"}],"isInner":false,"elType":"container"},{"id":"53776465","settings":{"flex_direction":"row","flex_gap":{"unit":"px","size":0,"column":"0","row":"0"},"background_background":"classic","__globals__":{"background_color":"globals\/colors?id=cb7c1e4","shape_divider_bottom_color":"globals\/colors?id=c762090"},"margin":{"unit":"px","top":"0","right":"0","bottom":"0","left":"0","isLinked":false},"padding":{"unit":"px","top":"0","right":"0","bottom":"0","left":"0","isLinked":false},"z_index":0,"shape_divider_bottom_width":{"unit":"%","size":100,"sizes":[]},"shape_divider_bottom_height":{"unit":"px","size":144,"sizes":[]},"shape_divider_bottom_height_mobile":{"unit":"px","size":82,"sizes":[]},"flex_justify_content":"center","flex_align_items":"center"},"elements":[{"id":"6da70345","settings":{"flex_direction":"column","content_width":"full","width":{"unit":"%","size":"50"},"animation":"fadeInLeft","animation_duration":"fast","flex_justify_content":"center","flex_align_items":"center","margin":{"unit":"px","top":"0","right":"0","bottom":"0","left":"0","isLinked":false},"_flex_align_self":"center","width_tablet":{"unit":"%","size":50,"sizes":[]},"width_mobile":{"unit":"%","size":80,"sizes":[]},"margin_mobile":{"unit":"px","top":"0","right":"0","bottom":"0","left":"0","isLinked":false},"padding_mobile":{"unit":"px","top":"20","right":"20","bottom":"20","left":"20","isLinked":true},"padding_tablet":{"unit":"px","top":"20","right":"20","bottom":"20","left":"20","isLinked":true},"animation_mobile":"none"},"elements":[{"id":"1f8a5e8e","settings":{"image":{"url":"https:\/\/npc-eksamen.dk\/wp-content\/uploads\/2024\/12\/dafidame-2-1.webp","id":1160,"size":"","alt":"","source":"library"},"image_border_radius":{"unit":"%","top":"50","right":"50","bottom":"50","left":"50","isLinked":true},"image_border_radius_tablet":{"unit":"%","top":"","right":"","bottom":"","left":"","isLinked":true},"image_border_radius_mobile":{"unit":"%","top":"","right":"","bottom":"","left":"","isLinked":true},"_padding":{"unit":"px","top":"30","right":"0","bottom":"30","left":"0","isLinked":false},"image_size":"full","_padding_mobile":{"unit":"px","top":"0","right":"0","bottom":"0","left":"0","isLinked":false}},"elements":[],"isInner":false,"widgetType":"image","elType":"widget"}],"isInner":true,"elType":"container"},{"id":"5093940d","settings":{"flex_direction":"column","content_width":"full","width":{"unit":"%","size":"50"},"flex_gap":{"column":"20","row":"20","isLinked":true,"unit":"px","size":20},"padding":{"unit":"px","top":"0","right":"0","bottom":"0","left":"52","isLinked":false},"_flex_align_self":"center","width_tablet":{"unit":"%","size":50,"sizes":[]},"width_mobile":{"unit":"%","size":100,"sizes":[]},"flex_justify_content_mobile":"center","flex_align_items_mobile":"center","padding_tablet":{"unit":"px","top":"0","right":"30","bottom":"0","left":"30","isLinked":false},"padding_mobile":{"unit":"px","top":"0","right":"20","bottom":"20","left":"20","isLinked":false}},"elements":[{"id":"23eb5559","settings":{"editor":"<p>Med filterflaskerne fra Dafi har du mulighed for at nyde friskt og renset vand direkte fra flasken, uanset hvor du befinder dig!<\/p>","typography_typography":"custom","typography_font_family":"Glober True","typography_font_size":{"unit":"px","size":32,"sizes":[]},"typography_font_weight":"500","__globals__":{"text_color":"globals\/colors?id=text"},"align_mobile":"left","typography_font_size_tablet":{"unit":"px","size":17,"sizes":[]},"_padding_tablet":{"unit":"px","top":"0","right":"0","bottom":"0","left":"0","isLinked":false},"_element_width_tablet":"initial","_element_custom_width_tablet":{"unit":"px","size":381.5},"_flex_size":"none","_margin_tablet":{"unit":"px","top":"0","right":"0","bottom":"0","left":"-6","isLinked":false}},"elements":[],"isInner":false,"widgetType":"text-editor","elType":"widget"},{"id":"6fafed6f","settings":{"text":"G\u00e5 til Dafi-kanden","typography_typography":"custom","typography_font_family":"Glober True","typography_font_weight":"600","border_radius":{"unit":"px","top":"011","right":"011","bottom":"011","left":"011","isLinked":true},"text_padding":{"unit":"px","top":"15","right":"15","bottom":"15","left":"15","isLinked":false},"__globals__":{"background_color":"globals\/colors?id=88aa344","button_background_hover_color":"globals\/colors?id=52b0a28"},"link":{"url":"https:\/\/npc-eksamen.dk\/shop\/dafi-vandfilterkande-24-l-hvid\/","is_external":"on","nofollow":"","custom_attributes":""}},"elements":[],"isInner":false,"widgetType":"button","elType":"widget"}],"isInner":true,"elType":"container"}],"isInner":false,"elType":"container"},{"id":"3b917d41","settings":{"flex_direction":"row","flex_gap":{"unit":"px","size":0,"column":"0","row":"0"},"content_width":"full","background_background":"classic","margin":{"unit":"px","top":"0","right":"0","bottom":"0","left":"0","isLinked":false},"padding":{"unit":"px","top":"0","right":"0","bottom":"0","left":"0","isLinked":false},"__globals__":{"background_color":"globals\/colors?id=c762090"},"flex_direction_mobile":"column-reverse","flex_direction_tablet":"column-reverse"},"elements":[{"id":"4ad4dbcd","settings":{"flex_direction":"column","content_width":"full","width":{"unit":"%","size":50},"margin":{"unit":"px","top":"0","right":"0","bottom":"0","left":"0","isLinked":false},"padding":{"unit":"px","top":"0","right":"0","bottom":"0","left":"0","isLinked":false},"width_tablet":{"unit":"%","size":100,"sizes":[]},"width_mobile":{"unit":"%","size":"","sizes":[]}},"elements":[{"id":"3ca9cec4","settings":{"image":{"url":"https:\/\/npc-eksamen.dk\/wp-content\/uploads\/2024\/12\/drikkevandtruet.webp","id":2941,"size":"","alt":"","source":"library"},"width":{"unit":"%","size":100,"sizes":[]},"space":{"unit":"%","size":100,"sizes":[]},"_margin":{"unit":"px","top":"0","right":"0","bottom":"0","left":"0","isLinked":false},"_padding":{"unit":"px","top":"0","right":"0","bottom":"0","left":"0","isLinked":false}},"elements":[],"isInner":false,"widgetType":"image","elType":"widget"}],"isInner":true,"elType":"container"},{"id":"5ae04c6","settings":{"flex_direction":"column","content_width":"full","width":{"unit":"%","size":"50"},"flex_justify_content":"center","background_background":"classic","animation":"fadeInRight","animation_duration":"fast","padding":{"unit":"px","top":"0","right":"100","bottom":"0","left":"100","isLinked":false},"background_image":{"url":"https:\/\/npc-eksamen.dk\/wp-content\/uploads\/2024\/12\/kampagnestreg2.svg","id":3363,"size":"","alt":"","source":"library"},"background_position":"initial","background_xpos":{"unit":"%","size":5,"sizes":[]},"background_xpos_tablet":{"unit":"%","size":0,"sizes":[]},"background_xpos_mobile":{"unit":"%","size":0,"sizes":[]},"background_ypos":{"unit":"%","size":29,"sizes":[]},"background_ypos_tablet":{"unit":"%","size":40,"sizes":[]},"background_ypos_mobile":{"unit":"%","size":18,"sizes":[]},"background_repeat":"no-repeat","background_size":"cover","custom_css":"\n","width_tablet":{"unit":"%","size":100,"sizes":[]},"width_mobile":{"unit":"%","size":"","sizes":[]},"padding_tablet":{"unit":"px","top":"30","right":"30","bottom":"30","left":"30","isLinked":false},"padding_mobile":{"unit":"px","top":"20","right":"20","bottom":"20","left":"20","isLinked":true}},"elements":[{"id":"40674536","settings":{"title":"Vores drikkevand er truet","typography_typography":"custom","typography_font_family":"Glober True","typography_font_size":{"unit":"px","size":32,"sizes":[]},"typography_font_weight":"600","__globals__":{"title_color":"globals\/colors?id=52b0a28"},"align_mobile":"left","typography_font_size_mobile":{"unit":"px","size":23,"sizes":[]},"typography_font_size_tablet":{"unit":"px","size":25,"sizes":[]}},"elements":[],"isInner":false,"widgetType":"heading","elType":"widget"},{"id":"2e614fe4","settings":{"items":[{"item_title":"Hvorfor er ren drikkevand vigtigt?","_id":"c22c356"},{"item_title":"S\u00e5dan fungerer Dafi-vandfiltre","_id":"db9fa90"},{"item_title":"Fordele ved Dafi-vandfiltre","_id":"a1828d3"},{"item_title":"Hvordan installerer jeg et Dafi-filter?","_id":"840299c"},{"item_title":"Hvorn\u00e5r skal Dafi-filteres skiftes?","_id":"4db9ce3"}],"accordion_item_title_position_horizontal":"stretch","accordion_item_title_icon_position":"end","accordion_item_title_icon":{"value":"fas fa-chevron-right","library":"fa-solid"},"accordion_item_title_icon_active":{"value":"fas fa-chevron-down","library":"fa-solid"},"default_state":"all_collapsed","accordion_border_normal_border":"solid","accordion_border_normal_width":{"unit":"px","top":"0","right":"0","bottom":"1","left":"0","isLinked":false},"title_typography_typography":"custom","title_typography_font_family":"Glober True","title_typography_font_size":{"unit":"px","size":20,"sizes":[]},"title_typography_font_weight":"bold","__globals__":{"accordion_border_normal_color":"globals\/colors?id=6c69d2d","normal_title_color":"globals\/colors?id=text","hover_title_color":"globals\/colors?id=88aa344","active_title_color":"globals\/colors?id=88aa344","accordion_background_normal_color":"","accordion_background_hover_color":""},"accordion_background_normal_background":"classic","accordion_border_normal_color":"#545454","accordion_background_hover_background":"classic","accordion_padding":{"unit":"px","top":"17","right":"17","bottom":"17","left":"17","isLinked":true},"normal_title_color":"#013D36","hover_title_color":"#009786","active_title_color":"#009786","_padding":{"unit":"px","top":"0","right":"0","bottom":"0","left":"0","isLinked":false},"_border_border":"none","_border_width":{"unit":"px","top":"0","right":"0","bottom":"1","left":"0","isLinked":false},"n_accordion_animation_duration":{"unit":"ms","size":200,"sizes":[]},"title_typography_font_size_mobile":{"unit":"px","size":14,"sizes":[]}},"elements":[{"id":"5095c12d","settings":{"_title":"item #1","content_width":"full","background_background":"classic","background_color":"#F3FFFE","border_border":"none","__globals__":{"background_color":""}},"elements":[{"id":"6959cb29","settings":{"editor":"<p>Lorem ipsum dolor sit amet, consectetur adipiscing elit. Proin eget sagittis ante, eget auctor elit. Pellentesque id convallis elit, at convallis turpis. Nunc blandit ultrices risus, et volutpat justo viverra consequat. Mauris elementum nisl massa, eu egestas magna porta eleifend. In volutpat, urna vitae gravida ultricies, nunc purus vulputate nunc, non posuere eros nisi et mauris. Suspendisse a justo eros.<\/p>","typography_typography":"custom","typography_font_family":"Glober True","typography_font_size_mobile":{"unit":"px","size":12,"sizes":[]},"typography_font_weight":"400"},"elements":[],"isInner":false,"widgetType":"text-editor","elType":"widget"}],"isInner":true,"elType":"container","isLocked":true},{"id":"1853cb29","settings":{"_title":"item #1","content_width":"full","background_background":"classic","background_color":"#F3FFFE","border_border":"none","__globals__":{"background_color":""}},"elements":[{"id":"7a3269e2","settings":{"editor":"<p>Lorem ipsum dolor sit amet, consectetur adipiscing elit. Proin eget sagittis ante, eget auctor elit. Pellentesque id convallis elit, at convallis turpis. Nunc blandit ultrices risus, et volutpat justo viverra consequat. Mauris elementum nisl massa, eu egestas magna porta eleifend. In volutpat, urna vitae gravida ultricies, nunc purus vulputate nunc, non posuere eros nisi et mauris. Suspendisse a justo eros.<\/p>","typography_typography":"custom","typography_font_family":"Glober True","typography_font_size_mobile":{"unit":"px","size":12,"sizes":[]},"typography_font_weight":"400"},"elements":[],"isInner":false,"widgetType":"text-editor","elType":"widget"}],"isInner":true,"elType":"container","isLocked":true},{"id":"14133ade","settings":{"_title":"item #1","content_width":"full","background_background":"classic","background_color":"#F3FFFE","border_border":"none","__globals__":{"background_color":""}},"elements":[{"id":"59793f3a","settings":{"editor":"<p>Lorem ipsum dolor sit amet, consectetur adipiscing elit. Proin eget sagittis ante, eget auctor elit. Pellentesque id convallis elit, at convallis turpis. Nunc blandit ultrices risus, et volutpat justo viverra consequat. Mauris elementum nisl massa, eu egestas magna porta eleifend. In volutpat, urna vitae gravida ultricies, nunc purus vulputate nunc, non posuere eros nisi et mauris. Suspendisse a justo eros.<\/p>","typography_typography":"custom","typography_font_family":"Glober True","typography_font_size_mobile":{"unit":"px","size":12,"sizes":[]},"typography_font_weight":"400"},"elements":[],"isInner":false,"widgetType":"text-editor","elType":"widget"}],"isInner":true,"elType":"container","isLocked":true},{"id":"29f2ab49","settings":{"_title":"item #1","content_width":"full","background_background":"classic","background_color":"#F3FFFE","border_border":"none","__globals__":{"background_color":""}},"elements":[{"id":"70e231c0","settings":{"editor":"<p>Lorem ipsum dolor sit amet, consectetur adipiscing elit. Proin eget sagittis ante, eget auctor elit. Pellentesque id convallis elit, at convallis turpis. Nunc blandit ultrices risus, et volutpat justo viverra consequat. Mauris elementum nisl massa, eu egestas magna porta eleifend. In volutpat, urna vitae gravida ultricies, nunc purus vulputate nunc, non posuere eros nisi et mauris. Suspendisse a justo eros.<\/p>","typography_typography":"custom","typography_font_family":"Glober True","typography_font_size_mobile":{"unit":"px","size":12,"sizes":[]},"typography_font_weight":"400"},"elements":[],"isInner":false,"widgetType":"text-editor","elType":"widget"}],"isInner":true,"elType":"container","isLocked":true},{"id":"36cc17d2","settings":{"_title":"item #1","content_width":"full","background_background":"classic","background_color":"#F3FFFE","border_border":"none","__globals__":{"background_color":""}},"elements":[{"id":"54e757a0","settings":{"editor":"<p>Lorem ipsum dolor sit amet, consectetur adipiscing elit. Proin eget sagittis ante, eget auctor elit. Pellentesque id convallis elit, at convallis turpis. Nunc blandit ultrices risus, et volutpat justo viverra consequat. Mauris elementum nisl massa, eu egestas magna porta eleifend. In volutpat, urna vitae gravida ultricies, nunc purus vulputate nunc, non posuere eros nisi et mauris. Suspendisse a justo eros.<\/p>","typography_typography":"custom","typography_font_family":"Glober True","typography_font_size_mobile":{"unit":"px","size":12,"sizes":[]},"typography_font_weight":"400"},"elements":[],"isInner":false,"widgetType":"text-editor","elType":"widget"}],"isInner":true,"elType":"container","isLocked":true}],"isInner":false,"widgetType":"nested-accordion","elType":"widget"}],"isInner":true,"elType":"container"}],"isInner":false,"elType":"container"}],"settings":{"template":"full-width-template.php","eael_ext_toc_title":"Table of Contents","preview_id":"648"},"metadata":[]}