{"content":[{"id":"62e804e3","settings":{"flex_direction":"column","content_width":"full"},"elements":[{"id":"2003fdc5","settings":{"image":{"url":"https:\/\/npc-eksamen.dk\/wp-content\/uploads\/2024\/12\/462552343_555046634141776_4591134266737153548_n-1.png","id":83,"size":"","alt":"","source":"library"},"align":"left","width":{"unit":"%","size":47,"sizes":[]},"_margin":{"unit":"px","top":"0","right":"0","bottom":"0","left":"0","isLinked":false},"_padding":{"unit":"px","top":"0","right":"0","bottom":"0","left":"0","isLinked":false},"link_to":"custom","link":{"url":"https:\/\/npc-eksamen.dk\/","is_external":"","nofollow":"","custom_attributes":""}},"elements":[],"isInner":false,"widgetType":"image","elType":"widget"}],"isInner":false,"elType":"container"},{"id":"5bd90b86","settings":{"flex_direction":"row","flex_gap":{"unit":"px","size":0,"column":"0","row":"0"},"background_background":"classic"},"elements":[{"id":"2132242e","settings":{"content_width":"full","width":{"unit":"%","size":12},"flex_align_items":"flex-end","background_background":"classic","background_color":"#FFFFFF","border_radius":{"unit":"px","top":"11","right":"0","bottom":"0","left":"11","isLinked":false},"flex_justify_content":"center","flex_gap":{"column":"0","row":"16","isLinked":false,"unit":"px","size":0},"width_mobile":{"unit":"%","size":20,"sizes":[]},"flex_justify_content_mobile":"space-between","flex_gap_mobile":{"column":"0","row":"0","isLinked":false,"unit":"px","size":0},"padding_mobile":{"unit":"px","top":"15","right":"0","bottom":"15","left":"0","isLinked":false}},"elements":[{"id":"2809455","settings":{"image":{"url":"https:\/\/npc-eksamen.dk\/wp-content\/uploads\/2024\/12\/icons8-offer-100.png","id":606,"size":"","alt":"","source":"library"},"image_size":"full","width_mobile":{"unit":"%","size":40,"sizes":[]}},"elements":[],"isInner":false,"widgetType":"image","elType":"widget"},{"id":"f5d2c7b","settings":{"image":{"url":"https:\/\/npc-eksamen.dk\/wp-content\/uploads\/2024\/12\/icons8-article-100.png","id":607,"size":"","alt":"","source":"library"},"width_mobile":{"unit":"%","size":40,"sizes":[]}},"elements":[],"isInner":false,"widgetType":"image","elType":"widget"},{"id":"4c89dc4","settings":{"image":{"url":"https:\/\/npc-eksamen.dk\/wp-content\/uploads\/2024\/12\/icons8-present-100.png","id":608,"size":"","alt":"","source":"library"},"width_mobile":{"unit":"%","size":40,"sizes":[]}},"elements":[],"isInner":false,"widgetType":"image","elType":"widget"}],"isInner":true,"elType":"container"},{"id":"45341f69","settings":{"flex_direction":"column","content_width":"full","width":{"unit":"%","size":68},"background_background":"classic","background_color":"#FFFFFF","padding":{"unit":"px","top":"0","right":"0","bottom":"0","left":"0","isLinked":false},"width_mobile":{"unit":"%","size":60,"sizes":[]}},"elements":[{"id":"3995bfb2","settings":{"menu_name":"Menu","menu":"overste-menu","layout":"vertical","align_items":"start","pointer":"none","dropdown":"none","full_width":"stretch","menu_typography_typography":"custom","menu_typography_font_family":"Glober Regular","menu_typography_font_weight":"400","color_menu_item":"#000000","_margin":{"unit":"px","top":"0","right":"0","bottom":"0","left":"-9","isLinked":false},"_padding":{"unit":"px","top":"5","right":"5","bottom":"5","left":"0","isLinked":false},"_element_width":"initial","_background_background":"classic","_border_radius":{"unit":"px","top":"0","right":"0","bottom":"0","left":"0","isLinked":false},"menu_typography_font_size":{"unit":"px","size":15,"sizes":[]},"menu_typography_font_size_mobile":{"unit":"px","size":13,"sizes":[]},"menu_id":20},"elements":[],"isInner":false,"widgetType":"nav-menu","elType":"widget"}],"isInner":true,"elType":"container"},{"id":"29f5bbfa","settings":{"flex_direction":"column","content_width":"full","width":{"unit":"%","size":20},"background_background":"classic","background_color":"#FFFFFF","border_radius":{"unit":"px","top":"0","right":"11","bottom":"11","left":"0","isLinked":false},"padding":{"unit":"px","top":"5","right":"5","bottom":"5","left":"5","isLinked":true},"width_mobile":{"unit":"%","size":20,"sizes":[]}},"elements":[{"id":"558cfea5","settings":{"icon_list":[{"text":"","selected_icon":{"value":"fas fa-chevron-right","library":"fa-solid"},"_id":"ea8ad03"},{"text":"","selected_icon":{"value":"fas fa-chevron-right","library":"fa-solid"},"_id":"65e28d9"},{"text":"","selected_icon":{"value":"fas fa-chevron-right","library":"fa-solid"},"_id":"269895e"}],"space_between":{"unit":"px","size":31,"sizes":[]},"icon_align":"right","text_indent":{"unit":"px","size":17,"sizes":[]},"icon_vertical_offset":{"unit":"px","size":12,"sizes":[]},"__globals__":{"icon_color":"globals\/colors?id=6c69d2d"},"link_click":"inline","divider_width":{"unit":"%","size":62,"sizes":[]},"_padding":{"unit":"px","top":"0","right":"0","bottom":"0","left":"0","isLinked":true},"_background_background":"classic","_border_radius":{"unit":"px","top":"0","right":"11","bottom":"11","left":"0","isLinked":false},"icon_size_mobile":{"unit":"px","size":12,"sizes":[]}},"elements":[],"isInner":false,"widgetType":"icon-list","elType":"widget"}],"isInner":true,"elType":"container"}],"isInner":false,"elType":"container"},{"id":"61b57ad8","settings":{"flex_direction":"row","flex_gap":{"unit":"px","size":0,"column":"0","row":"0"},"background_background":"classic"},"elements":[{"id":"19f0bd3a","settings":{"content_width":"full","width":{"unit":"%","size":12},"background_background":"classic","background_color":"#FFFFFF","border_radius":{"unit":"px","top":"11","right":"0","bottom":"0","left":"11","isLinked":false},"flex_gap":{"column":"0","row":"18","isLinked":false,"unit":"px","size":0},"width_mobile":{"unit":"%","size":20,"sizes":[]},"flex_justify_content":"center","flex_align_items":"center","_flex_align_self":"center"},"elements":[{"id":"19db5a58","settings":{"selected_icon":{"value":{"url":"https:\/\/npc-eksamen.dk\/wp-content\/uploads\/2024\/12\/beauty-bottle-box-svgrepo-com.svg","id":1939},"library":"svg"},"primary_color":"#000000","size":{"unit":"px","size":32,"sizes":[]},"_margin":{"unit":"px","top":"0","right":"0","bottom":"-12","left":"0","isLinked":false},"_padding":{"unit":"px","top":"0","right":"0","bottom":"0","left":"0","isLinked":false},"size_mobile":{"unit":"px","size":30,"sizes":[]},"_margin_mobile":{"unit":"px","top":"6","right":"0","bottom":"0","left":"0","isLinked":false}},"elements":[],"isInner":false,"widgetType":"icon","elType":"widget"},{"id":"36a60d8a","settings":{"image":{"url":"https:\/\/npc-eksamen.dk\/wp-content\/uploads\/2024\/12\/icons8-healthy-100.png","id":611,"size":"","alt":"","source":"library"},"width_mobile":{"unit":"%","size":60,"sizes":[]},"_margin_mobile":{"unit":"px","top":"-11","right":"0","bottom":"0","left":"0","isLinked":false}},"elements":[],"isInner":false,"widgetType":"image","elType":"widget"},{"id":"1270700b","settings":{"icon_list":[{"text":"","selected_icon":{"value":{"url":"https:\/\/npc-eksamen.dk\/wp-content\/uploads\/2024\/12\/toiletries-svgrepo-com.svg","id":1942},"library":"svg"},"_id":"db5428b"},{"text":"","selected_icon":{"value":{"url":"https:\/\/npc-eksamen.dk\/wp-content\/uploads\/2024\/12\/housekeeping-consumption-svgrepo-com.svg","id":1926},"library":"svg"},"_id":"1f20926"},{"text":"","selected_icon":{"value":{"url":"https:\/\/npc-eksamen.dk\/wp-content\/uploads\/2024\/12\/craft-sewing-clothes-svgrepo-com.svg","id":1930},"library":"svg"},"_id":"e6ecba5"},{"text":"","selected_icon":{"value":{"url":"https:\/\/npc-eksamen.dk\/wp-content\/uploads\/2024\/12\/health-healthcare-medical-svgrepo-com.svg","id":1938},"library":"svg"},"_id":"c3d52f3"},{"text":"","selected_icon":{"value":{"url":"https:\/\/npc-eksamen.dk\/wp-content\/uploads\/2024\/12\/aid-band-bandage-svgrepo-com.svg","id":1940},"library":"svg"},"_id":"de28d98"}],"space_between":{"unit":"px","size":15,"sizes":[]},"icon_align":"center","icon_color":"#000000","icon_size":{"unit":"px","size":32,"sizes":[]},"text_indent":{"unit":"px","size":3,"sizes":[]},"icon_self_align":"right","icon_self_vertical_align":"center","icon_vertical_offset":{"unit":"px","size":-3,"sizes":[]},"icon_size_mobile":{"unit":"px","size":30,"sizes":[]},"_margin_mobile":{"unit":"px","top":"0","right":"0","bottom":"6","left":"0","isLinked":false}},"elements":[],"isInner":false,"widgetType":"icon-list","elType":"widget"}],"isInner":true,"elType":"container"},{"id":"4679a170","settings":{"flex_direction":"column","content_width":"full","width":{"unit":"%","size":68},"background_background":"classic","background_color":"#FFFFFF","padding":{"unit":"px","top":"0","right":"0","bottom":"0","left":"0","isLinked":false},"width_mobile":{"unit":"%","size":60,"sizes":[]}},"elements":[{"id":"6b3a06f4","settings":{"menu_name":"Menu","menu":"hovedmenu","layout":"vertical","align_items":"start","pointer":"none","dropdown":"none","full_width":"stretch","menu_typography_typography":"custom","menu_typography_font_family":"Glober Regular","menu_typography_font_weight":"400","menu_typography_text_decoration":"none","color_menu_item":"#000000","_margin":{"unit":"px","top":"0","right":"0","bottom":"0","left":"-9","isLinked":false},"_padding":{"unit":"px","top":"5","right":"5","bottom":"5","left":"0","isLinked":false},"_element_width":"initial","_background_background":"classic","_border_border":"none","_border_radius":{"unit":"px","top":"11","right":"0","bottom":"0","left":"11","isLinked":false},"menu_typography_font_size":{"unit":"px","size":15,"sizes":[]},"menu_typography_font_size_mobile":{"unit":"px","size":13,"sizes":[]},"menu_id":21},"elements":[],"isInner":false,"widgetType":"nav-menu","elType":"widget"}],"isInner":true,"elType":"container"},{"id":"153400b2","settings":{"flex_direction":"column","content_width":"full","width":{"unit":"%","size":20},"background_background":"classic","background_color":"#FFFFFF","border_radius":{"unit":"px","top":"0","right":"11","bottom":"11","left":"0","isLinked":false},"padding":{"unit":"px","top":"5","right":"5","bottom":"5","left":"5","isLinked":true},"width_mobile":{"unit":"%","size":20,"sizes":[]}},"elements":[{"id":"72011bda","settings":{"icon_list":[{"text":"","selected_icon":{"value":"fas fa-chevron-right","library":"fa-solid"},"_id":"ea8ad03","__dynamic__":[]},{"text":"","selected_icon":{"value":"fas fa-chevron-right","library":"fa-solid"},"_id":"65e28d9"},{"text":"","selected_icon":{"value":"fas fa-chevron-right","library":"fa-solid"},"_id":"269895e"},{"text":"","selected_icon":{"value":"fas fa-chevron-right","library":"fa-solid"},"_id":"77b8130"},{"text":"","selected_icon":{"value":"fas fa-chevron-right","library":"fa-solid"},"_id":"ac7f6cd"},{"text":"","selected_icon":{"value":"fas fa-chevron-right","library":"fa-solid"},"_id":"127bda7"},{"text":"","selected_icon":{"value":"fas fa-chevron-right","library":"fa-solid"},"_id":"73c5f72"}],"space_between":{"unit":"px","size":31,"sizes":[]},"icon_align":"right","text_indent":{"unit":"px","size":17,"sizes":[]},"icon_vertical_offset":{"unit":"px","size":12,"sizes":[]},"__globals__":{"icon_color":"globals\/colors?id=6c69d2d"},"link_click":"inline","divider_width":{"unit":"%","size":62,"sizes":[]},"_padding":{"unit":"px","top":"0","right":"0","bottom":"0","left":"0","isLinked":true},"_background_background":"classic","_border_radius":{"unit":"px","top":"0","right":"11","bottom":"11","left":"0","isLinked":false},"icon_size_mobile":{"unit":"px","size":12,"sizes":[]}},"elements":[],"isInner":false,"widgetType":"icon-list","elType":"widget"}],"isInner":true,"elType":"container"}],"isInner":false,"elType":"container"},{"id":"76bedb9c","settings":{"flex_direction":"column","margin":{"unit":"px","top":"8","right":"0","bottom":"-15","left":"0","isLinked":false},"padding":{"unit":"px","top":"0","right":"0","bottom":"0","left":"15","isLinked":false},"background_background":"classic"},"elements":[{"id":"5f42c5c8","settings":{"editor":"<p>Plus<\/p>","typography_typography":"custom","typography_font_family":"Glober Regular","typography_font_size":{"unit":"px","size":28,"sizes":[]},"typography_font_weight":"bold","_margin":{"unit":"px","top":"0","right":"0","bottom":"0","left":"0","isLinked":false},"_padding":{"unit":"px","top":"0","right":"0","bottom":"0","left":"0","isLinked":false},"__globals__":{"text_color":"globals\/colors?id=secondary"}},"elements":[],"isInner":false,"widgetType":"text-editor","elType":"widget"}],"isInner":false,"elType":"container"},{"id":"2fb0ddc5","settings":{"container_type":"grid","grid_columns_grid":{"unit":"fr","size":"1"},"grid_rows_grid":{"unit":"fr","size":1},"grid_rows_grid_mobile":{"unit":"fr","size":"3"},"margin":{"unit":"px","top":"0","right":"0","bottom":"40","left":"0","isLinked":false}},"elements":[{"id":"6b8edc81","settings":{"flex_direction":"row","flex_gap":{"unit":"px","size":0,"column":"0","row":"0"},"content_width":"full","padding":{"unit":"px","top":"0","right":"0","bottom":"0","left":"0","isLinked":false}},"elements":[{"id":"632944bd","settings":{"content_width":"full","width":{"unit":"%","size":11},"flex_align_items":"flex-end","background_background":"classic","background_color":"#FFFFFF","border_radius":{"unit":"px","top":"11","right":"0","bottom":"0","left":"11","isLinked":false},"flex_justify_content":"center","width_mobile":{"unit":"%","size":20,"sizes":[]}},"elements":[{"id":"5bd9e81e","settings":{"image":{"url":"https:\/\/npc-eksamen.dk\/wp-content\/uploads\/2024\/12\/icons8-test-account-90.png","id":84,"size":"","alt":"","source":"library"},"image_size":"full","width_mobile":{"unit":"%","size":60,"sizes":[]}},"elements":[],"isInner":false,"widgetType":"image","elType":"widget"},{"id":"fd5256c","settings":{"image":{"url":"https:\/\/npc-eksamen.dk\/wp-content\/uploads\/2024\/12\/icons8-membership-card-100.png","id":617,"size":"","alt":"","source":"library"},"image_size":"full","width_mobile":{"unit":"%","size":60,"sizes":[]},"_margin_mobile":{"unit":"px","top":"-2","right":"0","bottom":"0","left":"0","isLinked":false},"_padding_mobile":{"unit":"px","top":"0","right":"0","bottom":"0","left":"0","isLinked":false}},"elements":[],"isInner":false,"widgetType":"image","elType":"widget"}],"isInner":true,"elType":"container"},{"id":"79dd4614","settings":{"flex_direction":"column","content_width":"full","width":{"unit":"%","size":70},"background_background":"classic","background_color":"#FFFFFF","padding":{"unit":"px","top":"0","right":"0","bottom":"0","left":"0","isLinked":false},"width_mobile":{"unit":"%","size":60,"sizes":[]}},"elements":[{"id":"612af59b","settings":{"menu_name":"Menu","menu":"log-ind","layout":"vertical","align_items":"start","pointer":"none","dropdown":"none","full_width":"stretch","menu_typography_typography":"custom","menu_typography_font_family":"Glober Regular","menu_typography_font_weight":"400","color_menu_item":"#000000","_margin":{"unit":"px","top":"0","right":"0","bottom":"0","left":"-9","isLinked":false},"_padding":{"unit":"px","top":"5","right":"5","bottom":"5","left":"0","isLinked":false},"_element_width":"initial","_background_background":"classic","_border_radius":{"unit":"px","top":"11","right":"0","bottom":"0","left":"11","isLinked":false},"menu_typography_font_size":{"unit":"px","size":15,"sizes":[]},"menu_typography_font_size_tablet":{"unit":"px","size":15,"sizes":[]},"menu_typography_font_size_mobile":{"unit":"px","size":13,"sizes":[]},"menu_id":22},"elements":[],"isInner":false,"widgetType":"nav-menu","elType":"widget"}],"isInner":true,"elType":"container"},{"id":"5f524e93","settings":{"flex_direction":"column","content_width":"full","width":{"unit":"%","size":20},"background_background":"classic","background_color":"#FFFFFF","border_radius":{"unit":"px","top":"0","right":"11","bottom":"11","left":"0","isLinked":false},"padding":{"unit":"px","top":"5","right":"5","bottom":"5","left":"5","isLinked":true},"width_mobile":{"unit":"%","size":20,"sizes":[]}},"elements":[{"id":"4cb60ee2","settings":{"icon_list":[{"text":"","selected_icon":{"value":"fas fa-chevron-right","library":"fa-solid"},"_id":"ea8ad03"},{"text":"","selected_icon":{"value":"fas fa-chevron-right","library":"fa-solid"},"_id":"65e28d9"}],"space_between":{"unit":"px","size":31,"sizes":[]},"icon_align":"right","text_indent":{"unit":"px","size":17,"sizes":[]},"icon_vertical_offset":{"unit":"px","size":12,"sizes":[]},"__globals__":{"icon_color":"globals\/colors?id=6c69d2d"},"link_click":"inline","divider_width":{"unit":"%","size":62,"sizes":[]},"_padding":{"unit":"px","top":"0","right":"0","bottom":"0","left":"0","isLinked":true},"_background_background":"classic","_border_radius":{"unit":"px","top":"0","right":"11","bottom":"11","left":"0","isLinked":false},"icon_size_mobile":{"unit":"px","size":12,"sizes":[]}},"elements":[],"isInner":false,"widgetType":"icon-list","elType":"widget"}],"isInner":true,"elType":"container"}],"isInner":true,"elType":"container"}],"isInner":false,"elType":"container"}],"settings":{"width":{"unit":"px","size":422,"sizes":[]},"height_type":"fit_to_screen","horizontal_position":"left","eael_ext_toc_title":"Table of Contents","background_background":"classic","__globals__":{"overlay_background_color":"","background_color":"globals\/colors?id=2f06e8b"},"prevent_scroll":"yes","vertical_position_mobile":"top","entrance_animation":"fadeIn","avoid_multiple_popups":"yes","a11y_navigation":"","open_selector":"#menu","entrance_animation_mobile":"slideInLeft","exit_animation_mobile":"slideInLeft","entrance_animation_duration":{"unit":"px","size":0.4,"sizes":[]}},"metadata":[],"display_settings":{"triggers":[],"timing":[]}}