{"content":[{"id":"10917ee","settings":{"flex_direction":"column","custom_css":"div.dialog-message.dialog-lightbox-message{\n    transition: box-shadow .25s ease 0s,opacity .4s ease 0s,scale 1s ease-in-out 0s,transform .2s ease-in-out 0s!important;\n}"},"elements":[{"id":"3c0088a2","settings":{"image":{"url":"https:\/\/npc-eksamen.dk\/wp-content\/uploads\/2024\/12\/462552343_555046634141776_4591134266737153548_n-1.png","id":83,"size":"","alt":"","source":"library"},"align":"left","width":{"unit":"%","size":47,"sizes":[]}},"elements":[],"isInner":false,"widgetType":"image","elType":"widget"}],"isInner":false,"elType":"container"},{"id":"5c2109b2","settings":{"margin":{"unit":"px","top":"0","right":"0","bottom":"0","left":"0","isLinked":false},"padding":{"unit":"px","top":"30","right":"0","bottom":"0","left":"10","isLinked":false},"_flex_align_self":"flex-end"},"elements":[{"id":"2b418d8a","settings":{"text":"tilbage","link":{"url":"#menu","is_external":"","nofollow":"","custom_attributes":""},"selected_icon":{"value":"fas fa-long-arrow-alt-left","library":"fa-solid"},"icon_indent":{"unit":"px","size":8,"sizes":[]},"button_css_id":"menu","align":"left","typography_typography":"custom","typography_font_family":"Glober True","typography_font_weight":"500","button_text_color":"#545454","background_color":"#99D5CF00","border_border":"none","text_padding":{"unit":"px","top":"0","right":"0","bottom":"0","left":"0","isLinked":true},"_margin":{"unit":"px","top":"0","right":"0","bottom":"0","left":"0","isLinked":false},"_padding":{"unit":"px","top":"0","right":"0","bottom":"0","left":"0","isLinked":false},"__dynamic__":[],"__globals__":{"background_color":"","button_text_color":""}},"elements":[],"isInner":false,"widgetType":"button","elType":"widget"}],"isInner":false,"elType":"container"},{"id":"34b6aebd","settings":[],"elements":[{"id":"41ca4d25","settings":{"editor":"<p>Kosttilskud<\/p>","typography_typography":"custom","typography_font_family":"Glober True","typography_font_size":{"unit":"px","size":20,"sizes":[]},"typography_font_weight":"800"},"elements":[],"isInner":false,"widgetType":"text-editor","elType":"widget"}],"isInner":false,"elType":"container"},{"id":"3145cf16","settings":{"flex_direction":"row","flex_gap":{"unit":"px","size":0,"column":"0","row":"0"},"margin":{"unit":"px","top":"0","right":"0","bottom":"20","left":"0","isLinked":false}},"elements":[{"id":"1d2292f0","settings":{"content_width":"full","width":{"unit":"%","size":12},"background_background":"classic","background_color":"#FFFFFF","border_radius":{"unit":"px","top":"11","right":"0","bottom":"0","left":"11","isLinked":false},"flex_gap":{"column":"0","row":"18","isLinked":false,"unit":"px","size":0},"width_mobile":{"unit":"%","size":20,"sizes":[]},"flex_justify_content_mobile":"center","flex_align_items_mobile":"center"},"elements":[{"id":"64a8cef4","settings":{"image":{"url":"https:\/\/npc-eksamen.dk\/wp-content\/uploads\/2024\/12\/icons8-supplement-bottle-100-2.png","id":610,"size":"","alt":"","source":"library"},"_margin":{"unit":"px","top":"0","right":"0","bottom":"-0","left":"0","isLinked":false},"width_mobile":{"unit":"%","size":60,"sizes":[]},"_padding_mobile":{"unit":"px","top":"0","right":"0","bottom":"0","left":"0","isLinked":false},"_margin_mobile":{"unit":"px","top":"-17","right":"0","bottom":"0","left":"0","isLinked":false}},"elements":[],"isInner":false,"widgetType":"image","elType":"widget"},{"id":"395879e2","settings":{"image":{"url":"https:\/\/npc-eksamen.dk\/wp-content\/uploads\/2024\/12\/icons8-healthy-100.png","id":611,"size":"","alt":"","source":"library"},"_margin":{"unit":"px","top":"0","right":"0","bottom":"-0","left":"0","isLinked":false},"_padding":{"unit":"px","top":"0","right":"0","bottom":"0","left":"0","isLinked":false},"width_mobile":{"unit":"%","size":56,"sizes":[]},"_padding_mobile":{"unit":"px","top":"0","right":"0","bottom":"0","left":"0","isLinked":false}},"elements":[],"isInner":false,"widgetType":"image","elType":"widget"},{"id":"73a7fcf7","settings":{"image":{"url":"https:\/\/npc-eksamen.dk\/wp-content\/uploads\/2024\/12\/icons8-soap-bottle-100.png","id":612,"size":"","alt":"","source":"library"},"_margin":{"unit":"px","top":"0","right":"0","bottom":"0","left":"0","isLinked":false},"width_mobile":{"unit":"%","size":60,"sizes":[]},"_padding_mobile":{"unit":"px","top":"0","right":"0","bottom":"0","left":"0","isLinked":false}},"elements":[],"isInner":false,"widgetType":"image","elType":"widget"},{"id":"32eba680","settings":{"image":{"url":"https:\/\/npc-eksamen.dk\/wp-content\/uploads\/2024\/12\/icons8-supplement-bottle-100-2.png","id":610,"size":"","alt":"","source":"library"},"_margin":{"unit":"px","top":"0","right":"0","bottom":"-0","left":"0","isLinked":false},"width_mobile":{"unit":"%","size":60,"sizes":[]},"_padding_mobile":{"unit":"px","top":"0","right":"0","bottom":"0","left":"0","isLinked":false}},"elements":[],"isInner":false,"widgetType":"image","elType":"widget"},{"id":"75e90a7d","settings":{"image":{"url":"https:\/\/npc-eksamen.dk\/wp-content\/uploads\/2024\/12\/icons8-kids-100.png","id":1243,"size":"","alt":"","source":"library"},"width_mobile":{"unit":"%","size":60,"sizes":[]},"_padding_mobile":{"unit":"px","top":"0","right":"0","bottom":"0","left":"0","isLinked":false}},"elements":[],"isInner":false,"widgetType":"image","elType":"widget"},{"id":"292fe109","settings":{"image":{"url":"https:\/\/npc-eksamen.dk\/wp-content\/uploads\/2024\/12\/icons8-stomach-100.png","id":1244,"size":"","alt":"","source":"library"},"width_mobile":{"unit":"%","size":60,"sizes":[]},"_padding_mobile":{"unit":"px","top":"0","right":"0","bottom":"0","left":"0","isLinked":false}},"elements":[],"isInner":false,"widgetType":"image","elType":"widget"},{"id":"38870a93","settings":{"image":{"url":"https:\/\/npc-eksamen.dk\/wp-content\/uploads\/2024\/12\/icons8-medicine-100.png","id":616,"size":"","alt":"","source":"library"},"width_mobile":{"unit":"%","size":60,"sizes":[]},"_margin_mobile":{"unit":"px","top":"0","right":"0","bottom":"0","left":"0","isLinked":true},"_padding_mobile":{"unit":"px","top":"0","right":"0","bottom":"0","left":"0","isLinked":false}},"elements":[],"isInner":false,"widgetType":"image","elType":"widget"},{"id":"7b6f2271","settings":{"image":{"url":"https:\/\/npc-eksamen.dk\/wp-content\/uploads\/2024\/12\/icons8-drop-100.png","id":1245,"size":"","alt":"","source":"library"},"width_mobile":{"unit":"%","size":60,"sizes":[]},"_margin_mobile":{"unit":"px","top":"-0","right":"0","bottom":"0","left":"0","isLinked":false},"_padding_mobile":{"unit":"px","top":"0","right":"0","bottom":"0","left":"0","isLinked":false}},"elements":[],"isInner":false,"widgetType":"image","elType":"widget"},{"id":"5dd8df00","settings":{"image":{"url":"https:\/\/npc-eksamen.dk\/wp-content\/uploads\/2024\/12\/icons8-medicine-100.png","id":616,"size":"","alt":"","source":"library"},"width_mobile":{"unit":"%","size":60,"sizes":[]},"_margin_mobile":{"unit":"px","top":"-0","right":"0","bottom":"0","left":"0","isLinked":false},"_padding_mobile":{"unit":"px","top":"0","right":"0","bottom":"0","left":"0","isLinked":false}},"elements":[],"isInner":false,"widgetType":"image","elType":"widget"},{"id":"3edb9311","settings":{"image":{"url":"https:\/\/npc-eksamen.dk\/wp-content\/uploads\/2024\/12\/icons8-vitamins-100.png","id":1242,"size":"","alt":"","source":"library"},"width_mobile":{"unit":"%","size":60,"sizes":[]},"_margin_mobile":{"unit":"px","top":"0","right":"0","bottom":"-17","left":"0","isLinked":false},"_padding_mobile":{"unit":"px","top":"0","right":"0","bottom":"0","left":"0","isLinked":false},"_margin":{"unit":"px","top":"0","right":"0","bottom":"0","left":"0","isLinked":false},"_padding":{"unit":"px","top":"0","right":"0","bottom":"0","left":"0","isLinked":false}},"elements":[],"isInner":false,"widgetType":"image","elType":"widget"}],"isInner":true,"elType":"container"},{"id":"2e61b153","settings":{"flex_direction":"column","content_width":"full","width":{"unit":"%","size":68},"background_background":"classic","background_color":"#FFFFFF","padding":{"unit":"px","top":"0","right":"0","bottom":"0","left":"0","isLinked":false},"width_mobile":{"unit":"%","size":60,"sizes":[]}},"elements":[{"id":"61da5ff","settings":{"menu_name":"Menu","menu":"undermenu-kosttilskud","layout":"vertical","align_items":"start","pointer":"none","dropdown":"none","full_width":"stretch","menu_typography_typography":"custom","menu_typography_font_family":"Glober Regular","menu_typography_font_weight":"400","menu_typography_text_decoration":"none","color_menu_item":"#000000","_margin":{"unit":"px","top":"0","right":"0","bottom":"0","left":"-9","isLinked":false},"_padding":{"unit":"px","top":"5","right":"5","bottom":"5","left":"0","isLinked":false},"_element_width":"initial","_background_background":"classic","_border_border":"none","_border_radius":{"unit":"px","top":"11","right":"0","bottom":"0","left":"11","isLinked":false},"menu_typography_font_size":{"unit":"px","size":15,"sizes":[]},"menu_typography_font_size_mobile":{"unit":"px","size":13,"sizes":[]},"menu_id":33},"elements":[],"isInner":false,"widgetType":"nav-menu","elType":"widget"}],"isInner":true,"elType":"container"},{"id":"7fe45411","settings":{"flex_direction":"column","content_width":"full","width":{"unit":"%","size":20},"background_background":"classic","background_color":"#FFFFFF","border_radius":{"unit":"px","top":"0","right":"11","bottom":"11","left":"0","isLinked":false},"padding":{"unit":"px","top":"5","right":"5","bottom":"5","left":"5","isLinked":true},"width_mobile":{"unit":"%","size":20,"sizes":[]}},"elements":[{"id":"4d0c169e","settings":{"icon_list":[{"text":"","selected_icon":{"value":"fas fa-chevron-right","library":"fa-solid"},"_id":"ea8ad03"},{"text":"","selected_icon":{"value":"fas fa-chevron-right","library":"fa-solid"},"_id":"65e28d9"},{"text":"","selected_icon":{"value":"fas fa-chevron-right","library":"fa-solid"},"_id":"269895e"},{"text":"","selected_icon":{"value":"fas fa-chevron-right","library":"fa-solid"},"_id":"77b8130"},{"text":"","selected_icon":{"value":"fas fa-chevron-right","library":"fa-solid"},"_id":"ac7f6cd"},{"text":"","selected_icon":{"value":"fas fa-chevron-right","library":"fa-solid"},"_id":"127bda7"},{"text":"","selected_icon":{"value":"fas fa-chevron-right","library":"fa-solid"},"_id":"73c5f72"},{"text":"","selected_icon":{"value":"fas fa-chevron-right","library":"fa-solid"},"_id":"926c6ff"},{"text":"","selected_icon":{"value":"fas fa-chevron-right","library":"fa-solid"},"_id":"cad0555"},{"text":"","selected_icon":{"value":"fas fa-chevron-right","library":"fa-solid"},"_id":"c8c0fe6"}],"space_between":{"unit":"px","size":31,"sizes":[]},"icon_align":"right","text_indent":{"unit":"px","size":17,"sizes":[]},"icon_vertical_offset":{"unit":"px","size":12,"sizes":[]},"__globals__":{"icon_color":"globals\/colors?id=6c69d2d"},"link_click":"inline","divider_width":{"unit":"%","size":62,"sizes":[]},"_padding":{"unit":"px","top":"0","right":"0","bottom":"0","left":"0","isLinked":true},"_background_background":"classic","_border_radius":{"unit":"px","top":"0","right":"11","bottom":"11","left":"0","isLinked":false},"icon_size_mobile":{"unit":"px","size":12,"sizes":[]}},"elements":[],"isInner":false,"widgetType":"icon-list","elType":"widget"}],"isInner":true,"elType":"container"}],"isInner":false,"elType":"container"}],"settings":{"width":{"unit":"px","size":422,"sizes":[]},"height_type":"fit_to_screen","horizontal_position":"left","eael_ext_toc_title":"Table of Contents","background_background":"classic","__globals__":{"overlay_background_color":"","background_color":"globals\/colors?id=2f06e8b"},"prevent_scroll":"yes","vertical_position_mobile":"top","overlay":"","avoid_multiple_popups":"yes","open_selector":".kosttilskud","entrance_animation":"fadeIn","entrance_animation_duration":{"unit":"px","size":0.4,"sizes":[]}},"metadata":[],"display_settings":{"triggers":[],"timing":[]}}