{"content":[{"id":"42c29caf","settings":{"layout":"full_width","flex_gap":{"size":0,"unit":"px","column":"0","row":"0","isLinked":true},"min_height":{"unit":"vh","size":80,"sizes":[]},"background_background":"classic","__globals__":{"background_color":"","background_overlay_color":"globals\/colors?id=cb7c1e4"},"_title":"Hero","content_position":"middle","padding":{"unit":"%","top":"0","right":"8","bottom":"0","left":"8","isLinked":""},"padding_tablet":{"unit":"%","top":"0","right":"5","bottom":"0","left":"5","isLinked":""},"padding_mobile":{"unit":"%","top":"","right":"","bottom":"","left":"","isLinked":true},"flex_direction":"row","flex_align_items":"stretch","content_width":"full","min_height_tablet":{"unit":"vh","size":90,"sizes":[]},"min_height_mobile":{"unit":"vh","size":"","sizes":[]},"background_color":"#FFFFFF","background_image":{"url":"https:\/\/npc-eksamen.dk\/wp-content\/uploads\/2024\/12\/Layer_2.svg","id":2113,"size":"","alt":"","source":"library"},"background_position":"center center","background_repeat":"no-repeat","background_size":"cover","background_overlay_background":"classic"},"elements":[{"id":"5a7738fe","settings":{"_column_size":"100","padding_mobile":{"unit":"%","top":"10","right":"10","bottom":"10","left":"10","isLinked":"1"},"flex_gap":{"size":20,"unit":"px","column":"20","row":"20","isLinked":true},"flex_gap_mobile":{"size":5,"unit":"px","column":"5","row":"5","isLinked":true},"background_background":"classic","margin":{"unit":"px","top":"70","right":"200","bottom":"70","left":"200","isLinked":false},"padding":{"unit":"%","top":"5","right":"5","bottom":"5","left":"5","isLinked":false},"padding_tablet":{"unit":"%","top":"","right":"","bottom":"","left":"","isLinked":true},"__globals__":{"background_color":""},"align":"center","content_width":"full","min_height":{"unit":"vh","size":"","sizes":[]},"min_height_tablet":{"unit":"vh","size":"","sizes":[]},"min_height_mobile":{"unit":"vh","size":"","sizes":[]},"flex_direction":"column","flex_justify_content":"center","background_color":"#F88530E0","border_radius":{"unit":"px","top":"11","right":"11","bottom":"11","left":"11","isLinked":true},"margin_tablet":{"unit":"px","top":"70","right":"70","bottom":"70","left":"70","isLinked":true},"margin_mobile":{"unit":"px","top":"60","right":"0","bottom":"60","left":"0","isLinked":false}},"elements":[{"id":"4315faea","settings":{"title":"404","header_size":"h1","align":"center","__globals__":{"title_color":"globals\/colors?id=a02866c"},"typography_typography":"custom","typography_font_family":"Glober True","typography_font_size":{"unit":"px","size":85,"sizes":[]},"typography_font_size_tablet":{"unit":"px","size":65,"sizes":[]},"typography_font_size_mobile":{"unit":"px","size":50,"sizes":[]},"typography_font_weight":"600","typography_text_transform":"none","typography_font_style":"normal","typography_text_decoration":"none","typography_line_height":{"unit":"em","size":1,"sizes":[]},"typography_line_height_mobile":{"unit":"em","size":1,"sizes":[]},"typography_letter_spacing":{"unit":"px","size":0,"sizes":[]}},"elements":[],"isInner":false,"widgetType":"heading","elType":"widget"},{"id":"18603cf0","settings":{"editor":"<p>Noget gik galt... vi kan desv\u00e6rre ikke finde det du leder efter.<\/p><p>Tryk p\u00e5 knappen under og kom tilbage til forsiden.<\/p>","align":"center","typography_typography":"custom","typography_font_family":"Poppins","typography_font_size":{"unit":"px","size":16,"sizes":[]},"typography_font_size_tablet":{"unit":"px","size":14,"sizes":[]},"typography_font_weight":"300","typography_text_transform":"none","typography_font_style":"normal","typography_text_decoration":"none","typography_line_height":{"unit":"em","size":1.5,"sizes":[]},"typography_letter_spacing":{"unit":"px","size":0,"sizes":[]},"drop_cap_primary_color":"#1C244B","__globals__":{"text_color":"globals\/colors?id=3d62394"}},"elements":[],"isInner":false,"widgetType":"text-editor","elType":"widget"},{"id":"77b78568","settings":{"space":{"unit":"px","size":30,"sizes":[]},"space_tablet":{"unit":"px","size":30,"sizes":[]}},"elements":[],"isInner":false,"widgetType":"spacer","elType":"widget"},{"id":"281fcb5","settings":{"text":"Tilbage til forsiden","align":"center","button_text_color":"#FFFFFF","border_border":"none","border_width":{"unit":"px","top":"1","right":"1","bottom":"1","left":"1","isLinked":"1"},"border_color":"#467FF7","border_radius":{"unit":"px","top":"100","right":"100","bottom":"100","left":"100","isLinked":"1"},"text_padding":{"unit":"px","top":"20","right":"40","bottom":"20","left":"40","isLinked":""},"_margin":{"unit":"%","top":"","right":"","bottom":"","left":"","isLinked":true},"__globals__":{"background_color":"globals\/colors?id=88aa344","hover_color":"globals\/colors?id=3d62394","button_background_hover_color":"globals\/colors?id=52b0a28"},"__dynamic__":{"link":"[elementor-tag id=\"38f29f8\" name=\"site-url\" settings=\"%7B%7D\"]"},"typography_typography":"custom","typography_font_family":"Glober True","typography_font_size":{"unit":"px","size":16,"sizes":[]},"typography_font_size_tablet":{"unit":"px","size":14,"sizes":[]},"typography_font_weight":"600","typography_text_transform":"capitalize","typography_font_style":"normal","typography_text_decoration":"none","typography_line_height":{"unit":"em","size":1,"sizes":[]},"typography_letter_spacing":{"unit":"px","size":0,"sizes":[]}},"elements":[],"isInner":false,"widgetType":"button","elType":"widget"}],"isInner":true,"elType":"container"}],"isInner":false,"elType":"container"}],"settings":[],"metadata":[]}