{"content":[{"id":"11047f0b","settings":[],"elements":[{"id":"1859ceb1","settings":{"selected_icon":{"value":{"url":"https:\/\/npc-eksamen.dk\/wp-content\/uploads\/2024\/12\/Artboard-1-1.svg","id":334},"library":"svg"},"size":{"unit":"px","size":59,"sizes":[]},"fit_to_size":"yes","_margin":{"unit":"px","top":"0","right":"0","bottom":"0","left":"0","isLinked":false},"_padding":{"unit":"px","top":"30","right":"0","bottom":"0","left":"0","isLinked":false},"size_mobile":{"unit":"px","size":49,"sizes":[]}},"elements":[],"isInner":false,"widgetType":"icon","elType":"widget"}],"isInner":false,"elType":"container"},{"id":"1bbc8cd3","settings":{"flex_direction":"column","padding":{"unit":"px","top":"22","right":"22","bottom":"22","left":"22","isLinked":true}},"elements":[{"id":"391c7f10","settings":{"flex_direction":"column","content_width":"full","background_background":"classic","background_color":"#FFFFFF","border_radius":{"unit":"px","top":"16","right":"16","bottom":"16","left":"16","isLinked":true},"padding":{"unit":"px","top":"27","right":"27","bottom":"27","left":"27","isLinked":true}},"elements":[{"id":"34cd95ee","settings":{"editor":"<p>Mecindo Plus\u00a0- fordelsprogrammet for dig<\/p>","typography_typography":"custom","typography_font_family":"Glober True","typography_font_weight":"600","typography_font_size_mobile":{"unit":"px","size":15,"sizes":[]}},"elements":[],"isInner":false,"widgetType":"text-editor","elType":"widget"},{"id":"24ad2522","settings":{"editor":"<p>Udover de altid skarpe priser f\u00e5r du med Mecindo Plus gl\u00e6de af f\u00f8lgende fordele:<\/p>","typography_typography":"custom","typography_font_family":"Glober True","typography_font_size":{"unit":"px","size":13,"sizes":[]},"typography_font_weight":"400","typography_font_size_mobile":{"unit":"px","size":12,"sizes":[]}},"elements":[],"isInner":false,"widgetType":"text-editor","elType":"widget"},{"id":"11af168a","settings":{"icon_list":[{"text":"F\u00e5 adgang til st\u00e6rke medlemstilbud","_id":"fbfb9fb"},{"text":"Fri fragt* ved k\u00f8b over 99 kr","_id":"c08b61b"},{"text":"Adgang til\u00a0bonusgaver","_id":"6436474"},{"text":"Nem og hurtig genbestilling","_id":"3e23dc1"},{"text":"Tilbudsmail med faste lave priser","_id":"225b767"},{"text":"F\u00e5 attraktive kampagnetilbud f\u00f8r alle andre","_id":"cf65a16"},{"text":"Sp\u00e6ndende konkurrencer med attraktive pr\u00e6mier","_id":"f8c85cf"}],"space_between":{"unit":"px","size":10,"sizes":[]},"text_indent":{"unit":"px","size":5,"sizes":[]},"icon_typography_typography":"custom","icon_typography_font_family":"Glober True","icon_typography_font_size":{"unit":"px","size":13,"sizes":[]},"icon_typography_font_weight":"400","text_color":"#000000","_padding":{"unit":"px","top":"7","right":"7","bottom":"7","left":"7","isLinked":true},"__globals__":{"text_color":""},"icon_typography_font_size_mobile":{"unit":"px","size":12,"sizes":[]}},"elements":[],"isInner":false,"widgetType":"icon-list","elType":"widget"},{"id":"27205114","settings":{"editor":"<p>*Fri fragt g\u00e6lder for levering med DAO til\u00a0pakkeshop<br \/>Efter oprettelse vil det fortsat v\u00e6re gratis at v\u00e6re medlem.<\/p>","typography_typography":"custom","typography_font_family":"Glober True","typography_font_size":{"unit":"px","size":13,"sizes":[]},"typography_font_weight":"400","typography_font_size_mobile":{"unit":"px","size":12,"sizes":[]}},"elements":[],"isInner":false,"widgetType":"text-editor","elType":"widget"},{"id":"393f16f","settings":{"text":"Tilmeld dig nu","align":"center","typography_typography":"custom","typography_font_family":"Glober Regular","typography_font_weight":"700","border_radius":{"unit":"px","top":"11","right":"11","bottom":"11","left":"11","isLinked":true},"_padding":{"unit":"px","top":"0","right":"0","bottom":"0","left":"0","isLinked":false},"__globals__":{"background_color":"globals\/colors?id=88aa344","button_text_color":"globals\/colors?id=3d62394","hover_color":"globals\/colors?id=3d62394","button_background_hover_color":"globals\/colors?id=52b0a28"},"link":{"url":"https:\/\/npc-eksamen.dk\/bliv-medlem\/","is_external":"","nofollow":"","custom_attributes":""},"_css_classes":"tilmeldknap","custom_css":".tilmeldknap .elementor-button-text{\n    color: #FFF !important;\n}"},"elements":[],"isInner":false,"widgetType":"button","elType":"widget"}],"isInner":true,"elType":"container"}],"isInner":false,"elType":"container"},{"id":"671d5724","settings":[],"elements":[{"id":"794b7e53","settings":{"editor":"<p>Det er gratis at v\u00e6re medlem af Mecindo Plus. Der er ingen forpligtelser og ikke noget m\u00e5nedligt abonnement. Du skal derfor ikke opgive nogle bankoplysninger ved tilmelding.<br \/><br \/>Vi beder om nogle f\u00e5 oplysninger og s\u00e5 er du i gang.<br \/><br \/>Her kan du l\u00e6se <span style=\"text-decoration: underline;\"><span style=\"color: #000000; text-decoration: underline;\"><a style=\"color: #000000; text-decoration: underline;\" href=\"https:\/\/mecindo.dk\/mecindo-plus-betingelser-og-vilkaar\">vilk\u00e5r og betingelser<\/a> <\/span><\/span>for at v\u00e6re medlem af \u2028Mecindo Plus.<\/p>","text_color":"#323232","typography_typography":"custom","typography_font_family":"Glober Regular","typography_font_size":{"unit":"px","size":11,"sizes":[]},"typography_font_weight":"400","_padding":{"unit":"px","top":"0","right":"30","bottom":"40","left":"30","isLinked":false},"__globals__":{"text_color":""}},"elements":[],"isInner":false,"widgetType":"text-editor","elType":"widget"}],"isInner":false,"elType":"container"}],"settings":{"width":{"unit":"px","size":436,"sizes":[]},"height":{"unit":"px","size":644,"sizes":[]},"eael_ext_toc_title":"Table of Contents","background_background":"classic","border_radius":{"unit":"px","top":"11","right":"11","bottom":"11","left":"11","isLinked":true},"__globals__":{"background_color":"globals\/colors?id=2f06e8b","close_button_background_color":""},"background_color":"#E6F5F3","open_selector":"#nytmedlem","entrance_animation":"fadeIn","exit_animation":"fadeIn","entrance_animation_duration":{"unit":"px","size":1,"sizes":[]},"prevent_scroll":"yes"},"metadata":[],"display_settings":{"triggers":[],"timing":[]}}