{"content":[{"id":"fd1c3d7","settings":{"flex_direction":"row","flex_gap":{"unit":"px","size":0,"column":"0","row":"0"},"padding_mobile":{"unit":"px","top":"0","right":"0","bottom":"0","left":"0","isLinked":false}},"elements":[{"id":"413c20ef","settings":{"flex_direction":"column","content_width":"full","width":{"unit":"%","size":"50"}},"elements":[{"id":"7b164a6","settings":{"editor":"<p>F\u00e5 10% rabat p\u00e5 dit n\u00e6ste k\u00f8b<\/p>","typography_typography":"custom","typography_font_family":"Glober Regular","typography_font_size":{"unit":"px","size":24,"sizes":[]},"typography_font_weight":"700","typography_font_size_tablet":{"unit":"px","size":19,"sizes":[]},"typography_font_size_mobile":{"unit":"px","size":18,"sizes":[]},"_margin_mobile":{"unit":"px","top":"0","right":"0","bottom":"-10","left":"0","isLinked":false},"_padding_mobile":{"unit":"px","top":"0","right":"0","bottom":"0","left":"0","isLinked":false}},"elements":[],"isInner":false,"widgetType":"text-editor","elType":"widget"},{"id":"58e39482","settings":{"editor":"<p>Bliv en del af\u00a0 <img class=\"aligncenter wp-image-334\" src=\"https:\/\/npc-eksamen.dk\/wp-content\/uploads\/2024\/12\/Artboard-1-1.svg\" alt=\"\" width=\"90\" height=\"19\" \/> og f\u00e5 eksklusive tilbud, nyhedsbreve samt f\u00f8rsteplads i k\u00f8en til vores Black Friday-tilbud<\/p><p>Skriv din mail her, og f\u00e5 tilsendt din rabatkode:<\/p>","typography_typography":"custom","typography_font_family":"Glober Regular","typography_font_size":{"unit":"px","size":16,"sizes":[]},"typography_font_weight":"400","typography_font_size_tablet":{"unit":"px","size":13,"sizes":[]},"typography_font_size_mobile":{"unit":"px","size":12,"sizes":[]}},"elements":[],"isInner":false,"widgetType":"text-editor","elType":"widget"},{"id":"8273c6a","settings":{"form_name":"New Form","form_fields":[{"custom_id":"email","field_type":"email","required":"true","placeholder":"Din email","_id":"e7f4a4a"}],"step_next_label":"Next","step_previous_label":"Previous","button_text":"Tilmeld dig","email_content":"[all-fields]","email_content_2":"[all-fields]","success_message":"Your submission was successful.","error_message":"Your submission failed because of an error.","server_message":"Your submission failed because of a server error.","invalid_message":"Your submission failed because the form is invalid.","required_field_message":"This field is required.","label_typography_typography":"custom","label_typography_font_family":"Glober Regular","label_typography_font_weight":"400","html_typography_typography":"custom","html_typography_font_family":"Glober Regular","html_typography_font_weight":"400","field_text_color":"#545454","field_typography_typography":"custom","field_typography_font_family":"Glober Regular","field_typography_font_weight":"400","field_background_color":"#F0FFFD","field_border_radius":{"unit":"px","top":"11","right":"11","bottom":"11","left":"11","isLinked":true},"button_content_align":"center","button_background_color":"#F88530","button_background_hover_color":"#A95110","button_border_radius":{"unit":"px","top":"11","right":"11","bottom":"11","left":"11","isLinked":true},"__globals__":{"button_background_color":"globals\/colors?id=d279380","button_background_hover_color":"globals\/colors?id=d25cd4d","field_text_color":"globals\/colors?id=6c69d2d","field_background_color":"","field_border_color":"globals\/colors?id=6c69d2d"},"submit_actions":["save-to-database","email","popup"],"form_validation":"custom","label_typography_font_size_mobile":{"unit":"px","size":12,"sizes":[]},"html_typography_font_size_mobile":{"unit":"px","size":12,"sizes":[]},"field_typography_font_size_mobile":{"unit":"px","size":12,"sizes":[]},"button_typography_typography":"custom","button_typography_font_family":"Glober Regular","button_typography_font_size_mobile":{"unit":"px","size":12,"sizes":[]},"button_typography_font_weight":"bold","_css_classes":"tilmeldknap","custom_css":".tilmeldknap .elementor-button-text{\n    color: #FFF !important;\n}"},"elements":[],"isInner":false,"widgetType":"form","elType":"widget"}],"isInner":true,"elType":"container"},{"id":"621affd3","settings":{"flex_direction":"column","content_width":"full","width":{"unit":"%","size":"50"},"margin":{"unit":"px","top":"0","right":"0","bottom":"0","left":"0","isLinked":false},"padding":{"unit":"px","top":"0","right":"0","bottom":"0","left":"0","isLinked":false},"hide_mobile":"hidden-mobile"},"elements":[],"isInner":true,"elType":"container"}],"isInner":false,"elType":"container"}],"settings":{"eael_ext_toc_title":"Table of Contents","width":{"unit":"px","size":802,"sizes":[]},"background_background":"classic","background_color":"#E6F5F3","border_radius":{"unit":"px","top":"11","right":"11","bottom":"11","left":"11","isLinked":true},"padding":{"unit":"px","top":"36","right":"36","bottom":"36","left":"36","isLinked":true},"__globals__":{"background_color":"globals\/colors?id=2f06e8b","close_button_background_color":""},"height_type":"custom","background_image":{"url":"https:\/\/npc-eksamen.dk\/wp-content\/uploads\/2024\/12\/MecindoPlusMennesker.png","id":2173,"size":"","alt":"","source":"library"},"background_position":"bottom right","background_repeat":"no-repeat","background_size":"initial","background_bg_width":{"unit":"%","size":52,"sizes":[]},"width_tablet":{"unit":"px","size":628,"sizes":[]},"width_mobile":{"unit":"px","size":310,"sizes":[]},"height_mobile":{"unit":"px","size":430,"sizes":[]},"prevent_scroll":"yes","horizontal_position_mobile":"center","vertical_position_mobile":"center","background_xpos":{"unit":"px","size":271,"sizes":[]},"background_ypos":{"unit":"px","size":83,"sizes":[]}},"metadata":[],"display_settings":{"triggers":{"inactivity_time":10,"inactivity":"yes"},"timing":[]}}