{"content":[{"id":"64c108c","settings":{"flex_direction":"row","flex_gap":{"unit":"px","size":0,"column":"0","row":"0"},"flex_justify_content":"center","flex_align_items":"center","margin":{"unit":"px","top":"55","right":"0","bottom":"0","left":"0","isLinked":false},"_flex_align_self":"center","margin_tablet":{"unit":"px","top":"35","right":"0","bottom":"0","left":"0","isLinked":false},"margin_mobile":{"unit":"px","top":"0","right":"0","bottom":"0","left":"0","isLinked":false}},"elements":[{"id":"67ceb83a","settings":{"flex_direction":"column","content_width":"full","width":{"unit":"%","size":"50"}},"elements":[{"id":"158cb175","settings":{"editor":"<p>Velkommen til\u00a0 <img class=\"alignnone wp-image-334\" src=\"https:\/\/npc-eksamen.dk\/wp-content\/uploads\/2024\/12\/Artboard-1-1.svg\" alt=\"\" width=\"150\" \/><\/p>","typography_typography":"custom","typography_font_family":"Glober Regular","typography_font_size":{"unit":"px","size":27,"sizes":[]},"typography_font_weight":"700"},"elements":[],"isInner":false,"widgetType":"text-editor","elType":"widget"},{"id":"5a5fe8c0","settings":{"editor":"<p>Tjek din email for din rabatkode og s\u00e5 opdaterer vi dig l\u00f8bende med specielle tilbud og eksklusive nyhedsbreve!<\/p>","typography_typography":"custom","typography_font_family":"Glober Regular","typography_font_size":{"unit":"px","size":16,"sizes":[]},"typography_font_weight":"400"},"elements":[],"isInner":false,"widgetType":"text-editor","elType":"widget"}],"isInner":true,"elType":"container"},{"id":"75698ff9","settings":{"flex_direction":"column","content_width":"full","width":{"unit":"%","size":"50"},"margin":{"unit":"px","top":"0","right":"0","bottom":"0","left":"0","isLinked":false},"padding":{"unit":"px","top":"0","right":"0","bottom":"0","left":"0","isLinked":false}},"elements":[],"isInner":true,"elType":"container"}],"isInner":false,"elType":"container"}],"settings":{"eael_ext_toc_title":"Table of Contents","width":{"unit":"px","size":802,"sizes":[]},"background_background":"classic","background_color":"#E6F5F3","border_radius":{"unit":"px","top":"11","right":"11","bottom":"11","left":"11","isLinked":true},"padding":{"unit":"px","top":"36","right":"36","bottom":"36","left":"36","isLinked":true},"__globals__":{"background_color":"globals\/colors?id=2f06e8b","close_button_background_color":""},"background_image":{"url":"https:\/\/npc-eksamen.dk\/wp-content\/uploads\/2024\/12\/MecindoPlusMennesker.png","id":2173,"size":"","alt":"","source":"library"},"background_position":"bottom right","background_repeat":"no-repeat","background_size":"initial","background_bg_width":{"unit":"%","size":52,"sizes":[]},"height_type":"custom","overlay_background_color":"","prevent_scroll":"yes","width_tablet":{"unit":"px","size":628,"sizes":[]},"width_mobile":{"unit":"px","size":310,"sizes":[]},"height_mobile":{"unit":"px","size":430,"sizes":[]},"horizontal_position_mobile":"center","vertical_position_mobile":"center"},"metadata":[],"display_settings":{"triggers":{"inactivity_time":600,"inactivity":"yes"},"timing":[]}}