{"content":[{"id":"4edbf06","settings":{"background_background":"classic","__globals__":{"background_color":"globals\/colors?id=2f06e8b"}},"elements":[{"id":"5fee1879","settings":{"text_typography_typography":"custom","text_typography_font_family":"Glober Regular"},"elements":[],"isInner":false,"widgetType":"woocommerce-breadcrumb","elType":"widget"}],"isInner":false,"elType":"container"},{"id":"3fad3f7f","settings":{"flex_direction":"row","flex_gap":{"unit":"px","size":0,"column":"0","row":"0"},"background_background":"classic","__globals__":{"background_color":"globals\/colors?id=2f06e8b"}},"elements":[{"id":"cf0db9a","settings":{"flex_direction":"column","content_width":"full","width":{"unit":"%","size":"50"}},"elements":[{"id":"666c9f7","settings":{"sale_flash":""},"elements":[],"isInner":false,"widgetType":"woocommerce-product-images","elType":"widget"}],"isInner":true,"elType":"container"},{"id":"67d35d83","settings":{"flex_direction":"column","content_width":"full","width":{"unit":"%","size":50},"flex_justify_content":"flex-start","flex_align_items":"flex-start","padding":{"unit":"px","top":"10","right":"30","bottom":"30","left":"30","isLinked":false}},"elements":[{"id":"23a2e32c","settings":{"title":"Add Your Heading Text Here","__dynamic__":{"title":"[elementor-tag id=\"9a2f912\" name=\"woocommerce-product-terms-tag\" settings=\"%7B%22separator%22%3A%22%2C%20%22%2C%22before%22%3A%22%22%7D\"]"},"_padding":{"unit":"px","top":"0","right":"0","bottom":"0","left":"0","isLinked":false},"__globals__":{"title_color":"globals\/colors?id=6c69d2d"}},"elements":[],"isInner":false,"widgetType":"heading","elType":"widget"},{"id":"34949ee7","settings":{"__dynamic__":{"title":"[elementor-tag id=\"\" name=\"woocommerce-product-title-tag\" settings=\"%7B%22product_id%22%3Afalse%2C%22before%22%3A%22%22%2C%22after%22%3A%22%22%2C%22fallback%22%3A%22%22%7D\"]"},"title":"Add Your Heading Text Here","typography_typography":"custom","typography_font_family":"Glober Regular","typography_font_weight":"bold","__globals__":{"title_color":"globals\/colors?id=text"},"_padding":{"unit":"px","top":"0","right":"0","bottom":"0","left":"0","isLinked":false}},"elements":[],"isInner":false,"widgetType":"woocommerce-product-title","elType":"widget"},{"id":"e952676","settings":{"text_align":"left","typography_typography":"custom","typography_font_family":"Glober True","typography_font_weight":"600","price_block":"yes","typography_font_size":{"unit":"px","size":15,"sizes":[]},"sale_price_typography_typography":"custom","sale_price_typography_font_family":"Glober Regular","sale_price_typography_font_size":{"unit":"px","size":24,"sizes":[]},"__globals__":{"price_color":"globals\/colors?id=6c69d2d","sale_price_color":"globals\/colors?id=secondary"},"_padding":{"unit":"px","top":"0","right":"0","bottom":"0","left":"0","isLinked":false},"sale_price_spacing":{"unit":"px","size":2,"sizes":[]}},"elements":[],"isInner":false,"widgetType":"woocommerce-product-price","elType":"widget"},{"id":"b7cb35a","settings":{"text":"Bliv medlem nu","align":"left","typography_typography":"custom","typography_font_family":"Glober True","typography_font_size":{"unit":"px","size":16,"sizes":[]},"typography_font_weight":"600","typography_text_decoration":"underline","background_color":"#99D5CF00","button_background_hover_background":"","button_hover_border_color":"#02010100","border_border":"none","border_radius":{"unit":"px","top":"0","right":"0","bottom":"0","left":"0","isLinked":false},"text_padding":{"unit":"px","top":"0","right":"0","bottom":"0","left":"0","isLinked":false},"_margin":{"unit":"px","top":"0","right":"0","bottom":"-6","left":"0","isLinked":false},"_padding":{"unit":"px","top":"0","right":"0","bottom":"0","left":"0","isLinked":false},"_background_color_stop_tablet":{"unit":"%"},"_background_color_stop_mobile":{"unit":"%"},"_background_color_b_stop_tablet":{"unit":"%"},"_background_color_b_stop_mobile":{"unit":"%"},"_background_gradient_angle_tablet":{"unit":"deg"},"_background_gradient_angle_mobile":{"unit":"deg"},"_background_hover_color_stop_tablet":{"unit":"%"},"_background_hover_color_stop_mobile":{"unit":"%"},"_background_hover_color_b_stop_tablet":{"unit":"%"},"_background_hover_color_b_stop_mobile":{"unit":"%"},"_background_hover_gradient_angle_tablet":{"unit":"deg"},"_background_hover_gradient_angle_mobile":{"unit":"deg"},"__dynamic__":{"link":"[elementor-tag id=\"f585a6a\" name=\"popup\" settings=\"%7B%22popup%22%3A%22329%22%7D\"]"},"__globals__":{"button_text_color":"globals\/colors?id=d279380","_border_color":"globals\/colors?id=secondary","hover_color":"globals\/colors?id=d25cd4d"},"typography_text_transform":"none","typography_font_style":"normal","_border_border":"none","_border_width":{"unit":"px","top":"0","right":"0","bottom":"1","left":"0","isLinked":false},"_border_radius":{"unit":"px","top":"0","right":"0","bottom":"0","left":"0","isLinked":false}},"elements":[],"isInner":false,"widgetType":"button","elType":"widget"},{"id":"6b025d88","settings":{"flex_direction":"row","flex_gap":{"unit":"px","size":0,"column":"0","row":"0"},"content_width":"full","flex_align_items":"center","padding":{"unit":"px","top":"0","right":"0","bottom":"0","left":"0","isLinked":false}},"elements":[{"id":"51f7b331","settings":{"flex_direction":"column","content_width":"full","width":{"unit":"%","size":100},"_flex_size":"none","_element_width":"initial","flex_align_items":"flex-start","_flex_align_self":"flex-start","padding":{"unit":"px","top":"0","right":"0","bottom":"0","left":"0","isLinked":false},"custom_css":".shopengine_comparison_add_to_list_action.shopengine-comparison {display: none !important;\n}","margin":{"unit":"px","top":"40","right":"0","bottom":"-50","left":"0","isLinked":false}},"elements":[{"id":"5db47ca7","settings":{"button_border_radius":{"unit":"px","top":"11","right":"11","bottom":"11","left":"11","isLinked":true},"button_padding":{"unit":"px","top":"15","right":"25","bottom":"15","left":"25","isLinked":false},"button_bg_color":"#00AB9E","spacing":{"unit":"px","size":0,"sizes":[]},"quantity_typography_typography":"custom","quantity_typography_font_family":"Glober Regular","quantity_typography_font_size":{"unit":"px","size":18,"sizes":[]},"quantity_typography_line_height":{"unit":"px","size":26,"sizes":[]},"__globals__":{"quantity_bg_color":"","quantity_border_color":"","button_bg_color":"","button_bg_color_hover":"globals\/colors?id=52b0a28"},"alignment":"left","view_cart_spacing":{"unit":"px","size":0,"sizes":[]},"show_quantity":"","variations_width":{"unit":"%","size":0,"sizes":[]},"variations_spacing":{"unit":"px","size":0,"sizes":[]},"variations_space_between":{"unit":"px","size":0,"sizes":[]},"variations_select_border_radius":{"unit":"px","size":0,"sizes":[]},"button_typography_typography":"custom","button_typography_font_family":"Glober True","button_typography_font_weight":"600"},"elements":[],"isInner":false,"widgetType":"woocommerce-product-add-to-cart","elType":"widget"}],"isInner":true,"elType":"container"}],"isInner":true,"elType":"container"},{"id":"74ab4654","settings":[],"elements":[],"isInner":false,"widgetType":"spacer","elType":"widget"},{"id":"7b3a2771","settings":{"items":[{"item_title":"Beskrivelse","_id":"c22c356"},{"item_title":"Produktinformation","_id":"0c80eea"}],"accordion_item_title_position_horizontal":"stretch","accordion_item_title_icon_position":"end","accordion_item_title_icon":{"value":"fas fa-chevron-right","library":"fa-solid"},"accordion_item_title_icon_active":{"value":"fas fa-chevron-up","library":"fa-solid"},"default_state":"all_collapsed","accordion_border_normal_border":"solid","accordion_border_normal_width":{"unit":"px","top":"1","right":"0","bottom":"1","left":"0","isLinked":false},"title_typography_typography":"custom","title_typography_font_family":"Glober Regular","title_typography_font_size":{"unit":"px","size":20,"sizes":[]},"title_typography_font_weight":"bold","__globals__":{"accordion_border_normal_color":"globals\/colors?id=6c69d2d","normal_title_color":"globals\/colors?id=text","hover_title_color":"globals\/colors?id=88aa344","active_title_color":"globals\/colors?id=88aa344","accordion_background_normal_color":"","accordion_background_hover_color":""},"accordion_background_normal_background":"classic","accordion_border_normal_color":"#545454","accordion_background_hover_background":"classic","accordion_padding":{"unit":"px","top":"17","right":"17","bottom":"17","left":"17","isLinked":true},"normal_title_color":"#013D36","hover_title_color":"#009786","active_title_color":"#009786","_padding":{"unit":"px","top":"0","right":"0","bottom":"0","left":"0","isLinked":false},"_border_border":"solid","_border_width":{"unit":"px","top":"1","right":"0","bottom":"1","left":"0","isLinked":false}},"elements":[{"id":"412ce268","settings":{"_title":"item #1","content_width":"full","background_background":"classic","background_color":"#F3FFFE","border_border":"none","__globals__":{"background_color":""}},"elements":[{"id":"5c35afb9","settings":{"_padding":{"unit":"px","top":"15","right":"15","bottom":"15","left":"15","isLinked":true},"typography_typography":"custom","typography_font_family":"Glober Regular","typography_font_size":{"unit":"px","size":15,"sizes":[]},"typography_font_weight":"400","__globals__":{"text_color":"globals\/colors?id=6c69d2d"}},"elements":[],"isInner":false,"widgetType":"woocommerce-product-content","elType":"widget"}],"isInner":true,"elType":"container","isLocked":true},{"id":"782d0e2a","settings":{"_title":"item #2","content_width":"full","background_background":"classic","background_color":"#F4FFFE","border_border":"none"},"elements":[{"id":"239f1fde","settings":{"text_typography_typography":"custom","text_typography_font_family":"Glober Regular","text_typography_font_size":{"unit":"px","size":15,"sizes":[]},"_padding":{"unit":"px","top":"15","right":"15","bottom":"15","left":"15","isLinked":true},"__globals__":{"text_color":"globals\/colors?id=6c69d2d"},"text_typography_font_size_mobile":{"unit":"px","size":15,"sizes":[]},"_flex_align_self_mobile":"stretch"},"elements":[],"isInner":false,"widgetType":"woocommerce-product-short-description","elType":"widget"}],"isInner":true,"elType":"container","isLocked":true}],"isInner":false,"widgetType":"nested-accordion","elType":"widget"}],"isInner":true,"elType":"container"}],"isInner":false,"elType":"container"},{"id":"2307f8d4","settings":{"background_background":"classic","margin":{"unit":"px","top":"0","right":"0","bottom":"0","left":"0","isLinked":false},"padding":{"unit":"px","top":"20","right":"20","bottom":"20","left":"20","isLinked":true},"__globals__":{"background_color":"globals\/colors?id=2f06e8b"}},"elements":[{"id":"7202ed99","settings":{"editor":"<p>Relaterede produkter<\/p>","typography_typography":"custom","typography_font_family":"Glober Regular","typography_font_size":{"unit":"px","size":32,"sizes":[]},"typography_font_weight":"bold"},"elements":[],"isInner":false,"widgetType":"text-editor","elType":"widget"},{"id":"750ebbaf","settings":{"_skin":"product","template_id":"784","columns":3,"alternate_templates":[{"template_id":null,"_id":"e7967ec"}],"product_query_post_type":"related_products","pagination_page_limit":"5","pagination_prev_label":"Previous","pagination_next_label":"Next","text":"Load More","load_more_no_posts_custom_message":"No more posts to show","nothing_found_message_text":"It seems we can\u2019t find what you\u2019re looking for.","column_gap":{"unit":"px","size":27,"sizes":[]},"row_gap":{"unit":"px","size":0,"sizes":[]},"_padding":{"unit":"px","top":"5","right":"5","bottom":"5","left":"5","isLinked":true},"_element_width":"inherit","_element_custom_width":{"unit":"%","size":19,"sizes":[]}},"elements":[],"isInner":false,"widgetType":"loop-grid","elType":"widget"}],"isInner":false,"elType":"container"},{"id":"28be2e7","settings":[],"elements":[{"id":"21547ebb","settings":[],"elements":[],"isInner":false,"widgetType":"spacer","elType":"widget"}],"isInner":false,"elType":"container"},{"id":"1916fa86","settings":[],"elements":[{"id":"173fc87a","settings":{"content_width":"full","background_background":"classic","border_radius":{"unit":"px","top":"16","right":"16","bottom":"16","left":"16","isLinked":true},"padding":{"unit":"px","top":"50","right":"50","bottom":"50","left":"50","isLinked":true},"__globals__":{"background_color":"globals\/colors?id=cb7c1e4"},"flex_align_items_mobile":"center","padding_mobile":{"unit":"px","top":"21","right":"21","bottom":"21","left":"21","isLinked":true}},"elements":[{"id":"5609d751","settings":{"editor":"<p>Andre kunder k\u00f8ber<\/p>","typography_typography":"custom","typography_font_family":"Glober Regular","typography_font_size":{"unit":"px","size":32,"sizes":[]},"typography_font_weight":"bold"},"elements":[],"isInner":false,"widgetType":"text-editor","elType":"widget"},{"id":"2524bc28","settings":{"_skin":"product","template_id":"784","columns":3,"alternate_templates":[{"template_id":null,"_id":"e7967ec"}],"pagination_page_limit":"5","pagination_prev_label":"Previous","pagination_next_label":"Next","text":"Load More","load_more_no_posts_custom_message":"No more posts to show","nothing_found_message_text":"It seems we can\u2019t find what you\u2019re looking for.","_padding_mobile":{"unit":"px","top":"0","right":"0","bottom":"0","left":"0","isLinked":false},"_element_width_mobile":"initial","_element_custom_width_mobile":{"unit":"px","size":255},"_flex_size":"none","_padding":{"unit":"px","top":"0","right":"0","bottom":"0","left":"0","isLinked":false}},"elements":[],"isInner":false,"widgetType":"loop-grid","elType":"widget"}],"isInner":true,"elType":"container"}],"isInner":false,"elType":"container"},{"id":"39c27abc","settings":[],"elements":[{"id":"525b9187","settings":[],"elements":[],"isInner":false,"widgetType":"spacer","elType":"widget"}],"isInner":false,"elType":"container"}],"settings":{"eael_ext_toc_title":"Table of Contents"},"metadata":[]}