{"content":[{"id":"3547fab6","settings":{"flex_direction":"row","flex_gap":{"unit":"px","size":0,"column":"0","row":"0"},"background_background":"classic","__globals__":{"background_color":"globals\/colors?id=6c69d2d"},"content_width":"full","width_mobile":{"unit":"%","size":100},"_flex_size":"none","_element_width_mobile":"initial","flex_justify_content":"space-evenly","padding":{"unit":"px","top":"100","right":"0","bottom":"0","left":"0","isLinked":false},"padding_mobile":{"unit":"px","top":"0","right":"0","bottom":"0","left":"0","isLinked":false}},"elements":[{"id":"35520e02","settings":{"flex_direction":"column","content_width":"full","width":{"unit":"%","size":"25"},"width_mobile":{"unit":"px","size":500,"sizes":[]},"flex_justify_content":"center","border_border":"solid","border_width":{"unit":"px","top":"0","right":"1.5","bottom":"0","left":"0","isLinked":false},"border_width_mobile":{"unit":"px","top":"0","right":"0","bottom":"0","left":"0","isLinked":true},"__globals__":{"border_color":"globals\/colors?id=2f06e8b"},"padding_mobile":{"unit":"px","top":"30","right":"0","bottom":"30","left":"0","isLinked":false},"min_height":{"unit":"em","size":"","sizes":[]},"min_height_tablet":{"unit":"em","size":"","sizes":[]},"min_height_mobile":{"unit":"em","size":"","sizes":[]},"flex_align_items":"center","padding":{"unit":"px","top":"60","right":"0","bottom":"60","left":"0","isLinked":false},"_flex_align_self":"center","margin":{"unit":"px","top":"20","right":"0","bottom":"20","left":"0","isLinked":false}},"elements":[{"id":"77629ad6","settings":{"image":{"url":"https:\/\/npc-eksamen.dk\/wp-content\/uploads\/2024\/11\/mecindologoillu.svg","id":721,"size":"","alt":"mecindofooterlogo","source":"library"},"width":{"unit":"px","size":300,"sizes":[]},"width_mobile":{"unit":"%","size":70,"sizes":[]},"_flex_align_self":"flex-start","link_to":"custom","link":{"url":"https:\/\/npc-eksamen.dk\/","is_external":"","nofollow":"","custom_attributes":""},"width_tablet":{"unit":"px","size":"","sizes":[]},"space":{"unit":"px","size":"","sizes":[]},"space_tablet":{"unit":"px","size":"","sizes":[]},"space_mobile":{"unit":"px","size":"","sizes":[]},"align_mobile":"left","_margin_mobile":{"unit":"px","top":"0","right":"0","bottom":"0","left":"0","isLinked":false},"_padding_mobile":{"unit":"px","top":"0","right":"0","bottom":"0","left":"15","isLinked":false},"_margin":{"unit":"px","top":"0","right":"30","bottom":"0","left":"0","isLinked":false},"_padding":{"unit":"px","top":"0","right":"0","bottom":"0","left":"0","isLinked":false}},"elements":[],"isInner":false,"widgetType":"image","elType":"widget"}],"isInner":true,"elType":"container"},{"id":"430de815","settings":{"flex_direction":"column","content_width":"full","width":{"unit":"%","size":13},"flex_justify_content":"center","margin_mobile":{"unit":"px","top":"0","right":"0","bottom":"-30","left":"0","isLinked":false},"padding_mobile":{"unit":"px","top":"0","right":"0","bottom":"0","left":"0","isLinked":false}},"elements":[{"id":"5a4dfacf","settings":{"eael_adv_accordion_tab":[{"eael_adv_accordion_tab_title":"Information","_id":"a195554","eael_adv_accordion_tab_icon_show":"","eael_adv_accordion_tab_title_icon_new_opened":{"value":"","library":""},"eael_adv_accordion_tab_content":"<p>Sp\u00f8rgsm\u00e5l &amp; svar<\/p><p>Fokus p\u00e5 CO2 aftryk<\/p><p>Levering &amp; returnering<\/p><p>Om os<\/p><p>Handelsbetingelser<\/p><p>Cookiepolitik<\/p><p>Job hos Mecindo<\/p>"},{"eael_adv_accordion_tab_title":"Kontakt","eael_adv_accordion_tab_icon_show":"","eael_adv_accordion_tab_title_icon_new_opened":{"value":"","library":""},"eael_adv_accordion_tab_content":"<p>Send os en mail<br \/>Chat med os<\/p>","_id":"38f2255"},{"eael_adv_accordion_tab_title":"Min konto","eael_adv_accordion_tab_icon_show":"","eael_adv_accordion_tab_title_icon_new_opened":{"value":"","library":""},"eael_adv_accordion_tab_content":"<p>Tilmeld Mecindo Plus<\/p><p>Login<\/p>","_id":"8bd6b5b"}],"eael_adv_accordion_tab_title_typography_typography":"custom","eael_adv_accordion_tab_title_typography_font_family":"Glober Regular","eael_adv_accordion_tab_bgtype_background":"classic","eael_adv_accordion_tab_text_color_hover":"","eael_adv_accordion_tab_icon_color_hover":"","eael_adv_accordion_content_typography_typography":"custom","eael_adv_accordion_content_typography_font_family":"Glober Regular","eael_adv_accordion_tab_toggle_icon_size_mobile":{"unit":"px","size":18,"sizes":[]},"__globals__":{"eael_adv_accordion_tab_bgtype_color":"","eael_adv_accordion_tab_text_color":"globals\/colors?id=2f06e8b","eael_adv_accordion_tab_icon_color":"globals\/colors?id=2f06e8b","adv_accordion_content_text_color":"globals\/colors?id=2f06e8b","eael_adv_tabs_tab_toggle_color":"","eael_adv_tabs_tab_toggle_background_color":"globals\/colors?id=6c69d2d"},"eael_adv_accordion_tab_distance_mobile":{"unit":"px","size":15,"sizes":[]},"eael_adv_accordion_tab_bgtype_color":"#545454","eael_adv_accordion_tab_text_color":"#E6F5F3","eael_adv_accordion_tab_icon_color":"#E6F5F3","eael_adv_accordion_tab_text_color_active":"","eael_adv_accordion_tab_icon_color_active":"","adv_accordion_content_text_color":"#E6F5F3","eael_adv_accordion_content_border_border":"none","eael_adv_tabs_tab_toggle_color":"","eael_adv_tabs_tab_toggle_background_color":"#545454","eael_adv_tabs_tab_toggle_border_border":"none","eael_adv_tabs_tab_toggle_active_color":"","hide_desktop":"hidden-desktop","eael_adv_accordion_border_border":"none","eael_adv_accordion_tab_border_border":"none","hide_tablet":"hidden-tablet"},"elements":[],"isInner":false,"widgetType":"eael-adv-accordion","elType":"widget"},{"id":"367a6c50","settings":{"icon_list":[{"text":"Sp\u00f8rgsm\u00e5l & svar","selected_icon":{"value":"","library":""},"_id":"fe5d001","link":{"url":"#","is_external":"","nofollow":"","custom_attributes":""}},{"text":"Fokus p\u00e5 CO2 aftryk","selected_icon":{"value":"","library":""},"_id":"a9c4283","link":{"url":"#","is_external":"","nofollow":"","custom_attributes":""}},{"text":"Kontakt os","selected_icon":{"value":"","library":""},"_id":"09227c8","link":{"url":"#","is_external":"","nofollow":"","custom_attributes":""}},{"text":"Levering & returnering","selected_icon":{"value":"","library":""},"_id":"442d75f","link":{"url":"#","is_external":"","nofollow":"","custom_attributes":""}}],"space_between":{"unit":"px","size":15,"sizes":[]},"icon_typography_typography":"custom","icon_typography_font_family":"Glober Regular","icon_typography_font_weight":"400","_margin_mobile":{"unit":"px","top":"0","right":"0","bottom":"0","left":"0","isLinked":false},"_padding_mobile":{"unit":"px","top":"0","right":"0","bottom":"0","left":"0","isLinked":false},"hide_mobile":"hidden-mobile","__globals__":{"text_color":"globals\/colors?id=2f06e8b","text_color_hover":"globals\/colors?id=accent"},"text_color":"#E6F5F3"},"elements":[],"isInner":false,"widgetType":"icon-list","elType":"widget"}],"isInner":true,"elType":"container"},{"id":"123aa390","settings":{"flex_direction":"column","content_width":"full","width":{"unit":"%","size":13},"flex_justify_content":"center","border_border":"none","border_width":{"unit":"px","top":"0","right":"0","bottom":"0","left":"0","isLinked":false},"__globals__":{"border_color":"globals\/colors?id=2f06e8b"}},"elements":[{"id":"2af352c7","settings":{"icon_list":[{"text":"Om os","selected_icon":{"value":"","library":""},"_id":"fe5d001","link":{"url":"#","is_external":"","nofollow":"","custom_attributes":""}},{"text":"Handels&shy;betingelser","selected_icon":{"value":"","library":""},"_id":"a9c4283","link":{"url":"#","is_external":"","nofollow":"","custom_attributes":""}},{"text":"Cookiepolitik","selected_icon":{"value":"","library":""},"_id":"09227c8","link":{"url":"#","is_external":"","nofollow":"","custom_attributes":""}},{"text":"Job hos Mecindo","selected_icon":{"value":"","library":""},"_id":"442d75f","link":{"url":"#","is_external":"","nofollow":"","custom_attributes":""}}],"space_between":{"unit":"px","size":15,"sizes":[]},"icon_typography_typography":"custom","icon_typography_font_family":"Glober Regular","icon_typography_font_weight":"400","_margin_mobile":{"unit":"px","top":"0","right":"0","bottom":"0","left":"0","isLinked":false},"_padding_mobile":{"unit":"px","top":"0","right":"0","bottom":"0","left":"0","isLinked":false},"hide_mobile":"hidden-mobile","__globals__":{"text_color":"globals\/colors?id=2f06e8b","text_color_hover":"globals\/colors?id=accent"},"_flex_align_self":"flex-start","icon_color":"#009786"},"elements":[],"isInner":false,"widgetType":"icon-list","elType":"widget"}],"isInner":true,"elType":"container"},{"id":"723a6a61","settings":{"flex_direction":"column","content_width":"full","width":{"unit":"%","size":"25"},"flex_justify_content":"center","border_border":"solid","border_width":{"unit":"px","top":"0","right":"0","bottom":"0","left":"1.5","isLinked":false},"__globals__":{"border_color":"globals\/colors?id=2f06e8b"},"border_width_mobile":{"unit":"px","top":"0","right":"0","bottom":"0","left":"0","isLinked":false},"padding_mobile":{"unit":"px","top":"0","right":"0","bottom":"30","left":"0","isLinked":false},"padding":{"unit":"px","top":"0","right":"60","bottom":"0","left":"60","isLinked":false},"margin":{"unit":"px","top":"20","right":"0","bottom":"20","left":"0","isLinked":false}},"elements":[{"id":"4f74e5e2","settings":{"editor":"<p><a href=\"#\"><span style=\"text-decoration: underline;\">Tilmeld dig Mecindo Plus<\/span><\/a><\/p><p>eller f\u00f8lg os p\u00e5 sociale<br \/>medier, for at f\u00e5 s\u00e6rlige<br \/>tilbud og rabatter<\/p>","typography_typography":"custom","typography_font_family":"Glober Regular","typography_font_weight":"400","typography_line_height":{"unit":"px","size":27,"sizes":[]},"__globals__":{"text_color":""},"_padding":{"unit":"px","top":"0","right":"0","bottom":"0","left":"25","isLinked":false},"_padding_mobile":{"unit":"px","top":"0","right":"0","bottom":"0","left":"0","isLinked":false},"hide_tablet":"hidden-tablet","hide_mobile":"hidden-mobile","text_color":"#E6F5F3","custom_css":"a{\n    text-decoration: none!important;\n   color: #E6F5F3;\n}\n\na:hover{\n     color: #99d5cf;\n}"},"elements":[],"isInner":false,"widgetType":"text-editor","elType":"widget"},{"id":"2dae4638","settings":{"content_width":"full","flex_direction":"row","padding":{"unit":"px","top":"0","right":"0","bottom":"0","left":"25","isLinked":false},"width_mobile":{"unit":"%","size":100,"sizes":[]},"flex_direction_mobile":"row","flex_gap_mobile":{"column":"10","row":"0","isLinked":false,"unit":"px","size":10},"padding_mobile":{"unit":"px","top":"0","right":"0","bottom":"0","left":"10","isLinked":false},"width_tablet":{"unit":"px","size":120,"sizes":[]}},"elements":[{"id":"3eef8343","settings":{"selected_icon":{"value":"fab fa-facebook-square","library":"fa-brands"},"primary_color":"#E6F5F3","__globals__":{"primary_color":"globals\/colors?id=2f06e8b","hover_primary_color":""},"link":{"url":"https:\/\/www.facebook.com\/mecindodk","is_external":"","nofollow":"","custom_attributes":""},"_padding_tablet":{"unit":"px","top":"0","right":"0","bottom":"0","left":"0","isLinked":false}},"elements":[],"isInner":false,"widgetType":"icon","elType":"widget"},{"id":"b1e55bc","settings":{"selected_icon":{"value":"fab fa-instagram","library":"fa-brands"},"__globals__":{"primary_color":"globals\/colors?id=2f06e8b"},"link":{"url":"https:\/\/www.instagram.com\/mecindo.dk\/","is_external":"","nofollow":"","custom_attributes":""}},"elements":[],"isInner":false,"widgetType":"icon","elType":"widget"}],"isInner":true,"elType":"container"}],"isInner":true,"elType":"container"}],"isInner":false,"elType":"container"},{"id":"8251de2","settings":{"flex_direction":"row","flex_gap":{"unit":"px","size":0,"column":"0","row":"0"},"content_width":"full","background_background":"classic","__globals__":{"background_color":"globals\/colors?id=6c69d2d"},"padding":{"unit":"px","top":"50","right":"50","bottom":"30","left":"50","isLinked":false},"padding_mobile":{"unit":"px","top":"0","right":"4","bottom":"0","left":"4","isLinked":false},"margin":{"unit":"px","top":"0","right":"0","bottom":"0","left":"0","isLinked":false}},"elements":[{"id":"57421d77","settings":{"flex_direction":"column","content_width":"full","width":{"unit":"%","size":"50"},"flex_justify_content":"center","flex_align_items":"flex-start"},"elements":[{"id":"34536465","settings":{"image":{"url":"https:\/\/npc-eksamen.dk\/wp-content\/uploads\/2024\/12\/mecindokob.png","id":726,"size":"","alt":"","source":"library"},"_padding":{"unit":"px","top":"0","right":"0","bottom":"0","left":"0","isLinked":false}},"elements":[],"isInner":false,"widgetType":"image","elType":"widget"}],"isInner":true,"elType":"container"},{"id":"6759e067","settings":{"flex_direction":"column","content_width":"full","width":{"unit":"%","size":"50"},"flex_justify_content":"center","flex_align_items":"flex-end"},"elements":[{"id":"13dde4ca","settings":{"image":{"url":"https:\/\/npc-eksamen.dk\/wp-content\/uploads\/2024\/12\/mecindovisa.png","id":728,"size":"","alt":"","source":"library"},"_padding":{"unit":"px","top":"0","right":"010","bottom":"0","left":"0","isLinked":false}},"elements":[],"isInner":false,"widgetType":"image","elType":"widget"}],"isInner":true,"elType":"container"}],"isInner":false,"elType":"container"}],"settings":{"eael_ext_toc_title":"Table of Contents"},"metadata":[]}