{"content":[{"id":"776bcdb1","settings":{"container_type":"grid","grid_columns_grid":{"unit":"fr","size":"3"},"grid_rows_grid":{"unit":"fr","size":"1"},"grid_rows_grid_mobile":{"unit":"fr","size":"1"},"boxed_width":{"unit":"px","size":922,"sizes":[]},"background_background":"classic","background_color":"#FEE7D6","margin":{"unit":"px","top":"0","right":"0","bottom":"0","left":"0","isLinked":false},"padding":{"unit":"px","top":"12","right":"0","bottom":"10","left":"0","isLinked":false},"grid_justify_items":"center","grid_align_items":"center","_flex_align_self":"center","hide_mobile":"hidden-mobile"},"elements":[{"id":"27273cb9","settings":{"flex_direction":"row","flex_gap":{"unit":"px","size":0,"column":"0","row":"0"},"content_width":"full","flex_justify_content":"center","flex_align_items":"center","padding":{"unit":"px","top":"0","right":"0","bottom":"0","left":"0","isLinked":false}},"elements":[{"id":"7b25c9c5","settings":{"flex_direction":"row","content_width":"full","width":{"unit":"%","size":27.85},"flex_justify_content":"center","flex_align_items":"center","padding":{"unit":"px","top":"0","right":"0","bottom":"0","left":"0","isLinked":false},"_flex_align_self":"center","_flex_size":"none","_element_width":"initial"},"elements":[{"id":"4c7fd3ee","settings":{"image":{"url":"https:\/\/npc-eksamen.dk\/wp-content\/uploads\/2024\/12\/icons8-truck-100.png","id":620,"size":"","alt":"","source":"library"},"width":{"unit":"%","size":31,"sizes":[]},"_margin":{"unit":"px","top":"-7","right":"0","bottom":"0","left":"0","isLinked":false},"_flex_align_self":"center","_flex_size":"shrink"},"elements":[],"isInner":false,"widgetType":"image","elType":"widget"}],"isInner":true,"elType":"container"},{"id":"2364936d","settings":{"flex_direction":"column","content_width":"full","width":{"unit":"%","size":59.426},"padding":{"unit":"px","top":"0","right":"0","bottom":"0","left":"0","isLinked":false},"_flex_size":"none","_element_width":"initial"},"elements":[{"id":"5d8e8b15","settings":{"editor":"<p>Levering 1-2 dage<\/p>","typography_typography":"custom","typography_font_family":"Glober True","typography_font_size":{"unit":"px","size":13,"sizes":[]},"typography_font_weight":"400","_margin":{"unit":"px","top":"0","right":"0","bottom":"-3","left":"0","isLinked":false},"_padding":{"unit":"px","top":"0","right":"0","bottom":"0","left":"0","isLinked":false},"__globals__":{"text_color":"globals\/colors?id=6c69d2d"}},"elements":[],"isInner":false,"widgetType":"text-editor","elType":"widget"}],"isInner":true,"elType":"container"}],"isInner":true,"elType":"container"},{"id":"6f7b21c3","settings":{"flex_direction":"row","flex_gap":{"unit":"px","size":0,"column":"0","row":"0"},"content_width":"full","flex_justify_content":"center","flex_align_items":"center","padding":{"unit":"px","top":"0","right":"0","bottom":"0","left":"0","isLinked":false}},"elements":[{"id":"4e68a678","settings":{"flex_direction":"row","content_width":"full","width":{"unit":"%","size":27.85},"flex_justify_content":"center","flex_align_items":"center","padding":{"unit":"px","top":"0","right":"0","bottom":"0","left":"0","isLinked":false},"_flex_align_self":"center","_flex_size":"none","_element_width":"initial"},"elements":[{"id":"4e715f55","settings":{"image":{"url":"https:\/\/npc-eksamen.dk\/wp-content\/uploads\/2024\/12\/icons8-open-delivered-box-100.png","id":621,"size":"","alt":"","source":"library"},"width":{"unit":"%","size":31,"sizes":[]},"_margin":{"unit":"px","top":"-7","right":"0","bottom":"0","left":"0","isLinked":false},"_flex_align_self":"center","_flex_size":"shrink"},"elements":[],"isInner":false,"widgetType":"image","elType":"widget"}],"isInner":true,"elType":"container"},{"id":"1d77d850","settings":{"flex_direction":"column","content_width":"full","width":{"unit":"%","size":69.672},"padding":{"unit":"px","top":"0","right":"0","bottom":"0","left":"0","isLinked":false},"_flex_size":"none","_element_width":"initial"},"elements":[{"id":"4df473be","settings":{"editor":"<p>Fri fragt fra 499 kr. eller 29 kr.<\/p>","typography_typography":"custom","typography_font_family":"Glober True","typography_font_size":{"unit":"px","size":13,"sizes":[]},"typography_font_weight":"400","_margin":{"unit":"px","top":"0","right":"0","bottom":"-3","left":"0","isLinked":false},"_padding":{"unit":"px","top":"0","right":"0","bottom":"0","left":"0","isLinked":false},"__globals__":{"text_color":"globals\/colors?id=6c69d2d"}},"elements":[],"isInner":false,"widgetType":"text-editor","elType":"widget"}],"isInner":true,"elType":"container"}],"isInner":true,"elType":"container"},{"id":"339b9f85","settings":{"flex_direction":"row","flex_gap":{"unit":"px","size":0,"column":"0","row":"0"},"content_width":"full","flex_justify_content":"center","flex_align_items":"center","padding":{"unit":"px","top":"0","right":"0","bottom":"0","left":"0","isLinked":false}},"elements":[{"id":"32797870","settings":{"flex_direction":"row","content_width":"full","width":{"unit":"%","size":27.85},"flex_justify_content":"center","flex_align_items":"center","padding":{"unit":"px","top":"0","right":"0","bottom":"0","left":"0","isLinked":false},"_flex_align_self":"center","_flex_size":"none","_element_width":"initial"},"elements":[{"id":"2a7937e5","settings":{"image":{"url":"https:\/\/npc-eksamen.dk\/wp-content\/uploads\/2024\/12\/icons8-product-100.png","id":622,"size":"","alt":"","source":"library"},"width":{"unit":"%","size":31,"sizes":[]},"_margin":{"unit":"px","top":"-7","right":"0","bottom":"0","left":"0","isLinked":false},"_flex_align_self":"center","_flex_size":"shrink"},"elements":[],"isInner":false,"widgetType":"image","elType":"widget"}],"isInner":true,"elType":"container"},{"id":"37e5e9ae","settings":{"flex_direction":"column","content_width":"full","width":{"unit":"%","size":65.574},"padding":{"unit":"px","top":"0","right":"0","bottom":"0","left":"0","isLinked":false},"_flex_size":"none","_element_width":"initial"},"elements":[{"id":"520d9fe2","settings":{"editor":"<p>Fri fragt fra 99 kr. (medlem)<\/p>","typography_typography":"custom","typography_font_family":"Glober True","typography_font_size":{"unit":"px","size":13,"sizes":[]},"typography_font_weight":"400","_margin":{"unit":"px","top":"0","right":"0","bottom":"-3","left":"0","isLinked":false},"_padding":{"unit":"px","top":"0","right":"0","bottom":"0","left":"0","isLinked":false},"__globals__":{"text_color":"globals\/colors?id=6c69d2d"}},"elements":[],"isInner":false,"widgetType":"text-editor","elType":"widget"}],"isInner":true,"elType":"container"}],"isInner":true,"elType":"container"}],"isInner":false,"elType":"container"},{"id":"43479998","settings":{"flex_direction":"row","flex_gap":{"unit":"px","size":0,"column":"0","row":"0"},"background_background":"classic","__globals__":{"background_color":""},"content_width":"full","width":{"unit":"%","size":100,"sizes":[]},"flex_align_items":"center","background_color":"#F8FDFF","margin":{"unit":"px","top":"0","right":"0","bottom":"0","left":"0","isLinked":false},"padding":{"unit":"px","top":"15","right":"0","bottom":"15","left":"0","isLinked":false},"_flex_align_self":"center","hide_mobile":"hidden-mobile"},"elements":[{"id":"51623c8","settings":{"flex_direction":"column","content_width":"full","width":{"unit":"%","size":33.323},"margin":{"unit":"px","top":"0","right":"0","bottom":"0","left":"0","isLinked":true},"padding":{"unit":"px","top":"0","right":"0","bottom":"0","left":"20","isLinked":false},"_flex_size":"none","_element_width":"initial","flex_direction_mobile":"row","padding_tablet":{"unit":"px","top":"0","right":"0","bottom":"0","left":"0","isLinked":false}},"elements":[{"id":"3a1e0a4","settings":{"flex_direction":"row","flex_gap":{"unit":"px","size":0,"column":"0","row":"0"},"content_width":"full","width":{"unit":"%","size":100.804},"boxed_width":{"unit":"px","size":500,"sizes":[]},"flex_justify_content":"flex-start","margin":{"unit":"px","top":"0","right":"0","bottom":"0","left":"10","isLinked":false},"padding":{"unit":"px","top":"0","right":"0","bottom":"0","left":"0","isLinked":false},"_flex_align_self":"flex-start","_flex_size":"none","_element_width":"initial"},"elements":[{"id":"5a1ffc86","settings":{"flex_direction":"column","content_width":"full","width":{"unit":"%","size":50.746},"margin":{"unit":"px","top":"0","right":"0","bottom":"0","left":"0","isLinked":false},"padding":{"unit":"px","top":"0","right":"0","bottom":"0","left":"0","isLinked":false},"_flex_align_self":"center","_flex_size":"none","_element_width":"initial","width_mobile":{"unit":"%","size":44,"sizes":[]}},"elements":[{"id":"77e26ac","settings":{"image":{"url":"https:\/\/npc-eksamen.dk\/wp-content\/uploads\/2024\/12\/462552343_555046634141776_4591134266737153548_n-1.png","id":83,"size":"","alt":"mecindo logo","source":"library"},"image_size":"full","width":{"unit":"px","size":208,"sizes":[]},"width_tablet":{"unit":"px","size":"","sizes":[]},"width_mobile":{"unit":"px","size":123,"sizes":[]},"_margin":{"unit":"px","top":"0","right":"0","bottom":"0","left":"0","isLinked":true},"_padding":{"unit":"px","top":"0","right":"0","bottom":"0","left":"0","isLinked":true},"_flex_align_self":"flex-start","link_to":"custom","link":{"url":"https:\/\/npc-eksamen.dk\/","is_external":"","nofollow":"","custom_attributes":""}},"elements":[],"isInner":false,"widgetType":"image","elType":"widget"}],"isInner":true,"elType":"container"},{"id":"65c85089","settings":{"flex_direction":"row","content_width":"full","width":{"unit":"%","size":36},"flex_justify_content":"flex-start","flex_align_items":"center","background_background":"classic","__globals__":{"background_color":""},"width_tablet":{"unit":"%","size":68,"sizes":[]},"width_mobile":{"unit":"%","size":35,"sizes":[]}},"elements":[{"id":"eeaab07","settings":{"icon_list":[{"text":"Menu","selected_icon":{"value":{"url":"https:\/\/npc-eksamen.dk\/wp-content\/uploads\/2024\/12\/icons8-menu.svg","id":82},"library":"svg"},"_id":"c2d342a","__dynamic__":{"link":"[elementor-tag id=\"58d6ea2\" name=\"popup\" settings=\"%7B%22popup%22%3A%22101%22%7D\"]"}}],"link_click":"inline","space_between":{"unit":"px","size":7,"sizes":[]},"icon_align":"center","icon_size":{"unit":"px","size":27,"sizes":[]},"text_indent":{"unit":"px","size":2,"sizes":[]},"icon_self_align":"center","icon_self_vertical_align":"center","icon_typography_typography":"custom","icon_typography_font_family":"Glober True","icon_typography_font_size":{"unit":"px","size":20,"sizes":[]},"icon_typography_font_weight":"400","icon_typography_line_height":{"unit":"px","size":27,"sizes":[]},"text_color":"#013D36","_margin":{"unit":"px","top":"05","right":"5","bottom":"5","left":"5","isLinked":false},"_padding":{"unit":"px","top":"13","right":"8","bottom":"8","left":"8","isLinked":false},"_element_width":"initial","_element_custom_width":{"unit":"%","size":78.674},"_flex_align_self":"center","_flex_size":"none","_background_background":"classic","_border_radius":{"unit":"px","top":"7","right":"7","bottom":"7","left":"7","isLinked":true},"__globals__":{"text_color":"globals\/colors?id=text","_background_color":"globals\/colors?id=2f06e8b","_background_hover_color":"globals\/colors?id=50c0236"},"icon_vertical_offset":{"unit":"px","size":-3,"sizes":[]},"eael_hover_effect_filter_hover_popover":"yes","_animation":"none","_background_hover_background":"classic","icon_size_tablet":{"unit":"px","size":23,"sizes":[]},"icon_size_mobile":{"unit":"px","size":18,"sizes":[]},"icon_typography_font_size_tablet":{"unit":"px","size":17,"sizes":[]},"icon_typography_font_size_mobile":{"unit":"px","size":13,"sizes":[]},"_margin_mobile":{"unit":"px","top":"0","right":"0","bottom":"0","left":"0","isLinked":false},"_padding_mobile":{"unit":"px","top":"05","right":"0","bottom":"0","left":"0","isLinked":false},"_element_width_tablet":"initial","_element_custom_width_tablet":{"unit":"px","size":100.233}},"elements":[],"isInner":false,"widgetType":"icon-list","elType":"widget"}],"isInner":true,"elType":"container"}],"isInner":true,"elType":"container"}],"isInner":true,"elType":"container"},{"id":"61fd3207","settings":{"content_width":"full","width":{"unit":"%","size":33},"flex_wrap":"wrap","presetTitle":"Container","presetIcon":"eicon-container"},"elements":[{"id":"21902af2","settings":{"search_input_placeholder_text":"S\u00f8g efter produkter eller artikler","submit_trigger":"key_enter","submit_button_text":"","nothing_found_message_text":"It seems we can\u2019t find what you\u2019re looking for.","pagination_prev_label":"Previous","pagination_next_label":"Next","icon_search":{"value":"fas fa-search","library":"fa-solid"},"search_field_background_normal_background":"classic","search_field_border_normal_border":"solid","search_field_border_normal_width":{"unit":"px","top":"1","right":"1","bottom":"1","left":"1","isLinked":true},"search_field_search_input_transition":{"unit":"s","size":0,"sizes":[]},"search_field_border_radius":{"unit":"px","top":"16","right":"16","bottom":"16","left":"16","isLinked":true},"search_field_icon_label_size":{"unit":"px","size":20,"sizes":[]},"search_field_icon_gap":{"unit":"px","size":12,"sizes":[]},"search_field_submit_gap":{"unit":"px","size":0,"sizes":[]},"icon_clear_size":{"unit":"px","size":0,"sizes":[]},"__globals__":{"placeholder_color":"globals\/colors?id=6c69d2d","search_field_icon_search_normal_color_normal":"globals\/colors?id=6c69d2d","search_field_border_normal_color":"globals\/colors?id=6c69d2d","search_field_input_text_color_normal":"globals\/colors?id=6c69d2d","search_field_background_normal_color":"globals\/colors?id=3d62394"},"search_field_border_normal_color":"#545454","_flex_align_self":"stretch","_flex_order":"end","search_field_typography_typography":"custom","search_field_typography_font_family":"Glober True","search_field_typography_font_size":{"unit":"px","size":13,"sizes":[]},"autocomplete":"yes","live_results":"yes","template_id":"784","minimum_search_characters":1,"enable_loader":"yes","enable_nothing_found_message":"","number_of_items":3,"equal_height":"yes","results_distance_from_search_field":{"unit":"px","size":3,"sizes":[]},"results_is_dropdown_width":"widget_width","results_is_custom_width":"yes","results_custom_width":{"unit":"%","size":100,"sizes":[]},"results_custom_width_tablet":{"unit":"%","size":"","sizes":[]},"results_custom_width_mobile":{"unit":"%","size":"","sizes":[]},"search_result_row_gap":{"unit":"px","size":23,"sizes":[]}},"elements":[],"isInner":false,"widgetType":"search","elType":"widget"}],"isInner":true,"elType":"container"},{"id":"25aa2899","settings":{"flex_direction":"column","content_width":"full","width":{"unit":"%","size":33},"flex_gap":{"column":"0","row":"0","isLinked":true,"unit":"px","size":0},"margin":{"unit":"px","top":"-0","right":"10","bottom":"-0","left":"-0","isLinked":false},"padding":{"unit":"px","top":"0","right":"0","bottom":"0","left":"0","isLinked":false},"flex_align_items":"flex-end","flex_align_items_tablet":"flex-end"},"elements":[{"id":"17341c49","settings":{"flex_direction":"row","flex_wrap":"wrap","flex_gap":{"unit":"px","size":0,"column":"0","row":"3"},"content_width":"full","width":{"unit":"%","size":50,"sizes":[]},"flex_justify_content":"center","flex_align_items":"center","width_tablet":{"unit":"%","size":74,"sizes":[]},"width_mobile":{"unit":"%","size":"","sizes":[]},"hide_mobile":"hidden-mobile"},"elements":[{"id":"6e747dcd","settings":{"flex_direction":"column","content_width":"full","width":{"unit":"%","size":"33.3333"},"padding":{"unit":"px","top":"0","right":"0","bottom":"0","left":"0","isLinked":false}},"elements":[{"id":"46f665c6","settings":{"image":{"url":"https:\/\/npc-eksamen.dk\/wp-content\/uploads\/2024\/12\/icons8-earth-globe-90.png","id":86,"size":"","alt":"","source":"library"},"width":{"unit":"px","size":40,"sizes":[]},"_margin":{"unit":"px","top":"0","right":"0","bottom":"0","left":"0","isLinked":false},"_padding":{"unit":"px","top":"0","right":"0","bottom":"0","left":"0","isLinked":false},"width_tablet":{"unit":"px","size":"","sizes":[]},"width_mobile":{"unit":"px","size":"","sizes":[]}},"elements":[],"isInner":false,"widgetType":"image","elType":"widget"}],"isInner":true,"elType":"container"},{"id":"62b3bb10","settings":{"flex_direction":"column","content_width":"full","width":{"unit":"%","size":"33.3333"},"padding":{"unit":"px","top":"0","right":"0","bottom":"0","left":"0","isLinked":false}},"elements":[{"id":"13e466cf","settings":{"image":{"url":"https:\/\/npc-eksamen.dk\/wp-content\/uploads\/2024\/12\/icons8-test-account-90-2.png","id":85,"size":"","alt":"","source":"library"},"image_size":"full","width":{"unit":"px","size":40,"sizes":[]},"width_tablet":{"unit":"px","size":"","sizes":[]},"width_mobile":{"unit":"px","size":"","sizes":[]},"link_to":"custom","link":{"url":"\/log-ind","is_external":"","nofollow":"","custom_attributes":""}},"elements":[],"isInner":false,"widgetType":"image","elType":"widget"}],"isInner":true,"elType":"container"},{"id":"43af40","settings":{"flex_direction":"column","content_width":"full","width":{"unit":"%","size":"33.3333"},"padding":{"unit":"px","top":"0","right":"0","bottom":"0","left":"0","isLinked":false},"flex_justify_content":"center","flex_align_items":"center","_flex_align_self":"center","flex_gap":{"column":"3","row":"3","isLinked":true,"unit":"px","size":3},"margin":{"unit":"px","top":"0","right":"0","bottom":"0","left":"0","isLinked":false}},"elements":[{"id":"4aa1465c","settings":{"shortcode":"[fk_cart_menu]"},"elements":[],"isInner":false,"widgetType":"shortcode","elType":"widget"}],"isInner":true,"elType":"container"},{"id":"2a73b000","settings":{"flex_direction":"column","content_width":"full","width":{"unit":"%","size":33},"padding":{"unit":"px","top":"0","right":"0","bottom":"0","left":"0","isLinked":false},"flex_justify_content":"flex-start"},"elements":[{"id":"60d52cb","settings":{"menu_name":"Menu","menu":"lande-menu","text_align":"center","toggle":"","menu_typography_typography":"custom","menu_typography_font_family":"Glober True","menu_typography_font_size":{"unit":"px","size":12,"sizes":[]},"menu_typography_font_weight":"400","nav_menu_divider_weight":{"unit":"px","size":15,"sizes":[]},"nav_menu_divider_height":{"unit":"px","size":1,"sizes":[]},"pointer_width":{"unit":"px","size":0,"sizes":[]},"color_dropdown_item":"#013D36","color_dropdown_item_hover":"#009786","background_color_dropdown_item_hover":"#00978600","dropdown_typography_typography":"custom","dropdown_typography_font_family":"Glober True","dropdown_typography_font_size":{"unit":"px","size":12,"sizes":[]},"dropdown_typography_font_weight":"400","dropdown_border_border":"solid","dropdown_border_width":{"unit":"px","top":"1","right":"1","bottom":"1","left":"1","isLinked":true},"padding_horizontal_dropdown_item":{"unit":"px","size":13,"sizes":[]},"padding_vertical_dropdown_item":{"unit":"px","size":4,"sizes":[]},"dropdown_divider_border":"solid","dropdown_divider_width":{"unit":"px","size":1,"sizes":[]},"dropdown_top_distance":{"unit":"px","size":-7,"sizes":[]},"_margin":{"unit":"px","top":"0","right":"0","bottom":"0","left":"0","isLinked":true},"_padding":{"unit":"px","top":"0","right":"0","bottom":"0","left":"0","isLinked":true},"_element_width":"initial","_element_custom_width":{"unit":"%","size":100,"sizes":[]},"_flex_align_self":"center","__globals__":{"color_dropdown_item":"globals\/colors?id=text","color_dropdown_item_hover":"globals\/colors?id=primary","background_color_dropdown_item_hover":"","dropdown_border_color":"globals\/colors?id=1557ca2","toggle_color":"globals\/colors?id=text","color_menu_item_hover":"globals\/colors?id=primary","pointer_color_menu_item_hover":"globals\/colors?id=primary","background_color_dropdown_item":"globals\/colors?id=c762090","dropdown_divider_color":"globals\/colors?id=1557ca2","nav_menu_divider_color":"globals\/colors?id=1557ca2","color_menu_item_active":"globals\/colors?id=primary","pointer_color_menu_item_active":"globals\/colors?id=primary","background_color_dropdown_item_active":"globals\/colors?id=c762090","color_dropdown_item_active":"globals\/colors?id=primary"},"align_items":"center","_z_index":100,"pointer":"overline","menu_id":37},"elements":[],"isInner":false,"widgetType":"nav-menu","elType":"widget"}],"isInner":true,"elType":"container"},{"id":"4bc1ffca","settings":{"flex_direction":"column","content_width":"full","width":{"unit":"%","size":"33.3333"},"padding":{"unit":"px","top":"0","right":"0","bottom":"0","left":"0","isLinked":false}},"elements":[{"id":"3a194bb7","settings":{"editor":"<p><a href=\"\/log-ind\"><span style=\"color: #013d36;\">Log ind<\/span><\/a><\/p>","align":"center","typography_typography":"custom","typography_font_family":"Glober True","typography_font_size":{"unit":"px","size":12,"sizes":[]},"typography_font_weight":"400","text_color":"#013D36"},"elements":[],"isInner":false,"widgetType":"text-editor","elType":"widget"}],"isInner":true,"elType":"container"},{"id":"7beadcc3","settings":{"flex_direction":"column","content_width":"full","width":{"unit":"%","size":"33.3333"},"padding":{"unit":"px","top":"0","right":"0","bottom":"0","left":"0","isLinked":false}},"elements":[{"id":"1d33f88d","settings":{"editor":"<p>Kurv<\/p>","align":"center","typography_typography":"custom","typography_font_family":"Glober True","typography_font_size":{"unit":"px","size":12,"sizes":[]},"typography_font_weight":"400","_margin":{"unit":"px","top":"0","right":"0","bottom":"0","left":"0","isLinked":false},"_padding":{"unit":"px","top":"0","right":"0","bottom":"0","left":"0","isLinked":false}},"elements":[],"isInner":false,"widgetType":"text-editor","elType":"widget"}],"isInner":true,"elType":"container"}],"isInner":true,"elType":"container"}],"isInner":true,"elType":"container"}],"isInner":false,"elType":"container"},{"id":"6b074b77","settings":{"content_width":"full","flex_justify_content_mobile":"center","flex_align_items_mobile":"center","background_background":"classic","padding_mobile":{"unit":"px","top":"0","right":"0","bottom":"0","left":"0","isLinked":false},"_flex_align_self_mobile":"center","hide_desktop":"hidden-desktop","hide_tablet":"hidden-tablet","__globals__":{"background_color":"globals\/colors?id=cb7c1e4"}},"elements":[{"id":"7b79a11f","settings":{"carousel_items":[{"slide_title":"Slide #1","_id":"a83e100"},{"slide_title":"Slide #2","_id":"ea4d851"},{"slide_title":"Slide #3","_id":"0cac3a4"}],"arrows":"","pagination":"","_margin_mobile":{"unit":"px","top":"0","right":"0","bottom":"0","left":"0","isLinked":false},"_padding_mobile":{"unit":"px","top":"0","right":"0","bottom":"0","left":"0","isLinked":false},"_flex_align_self_mobile":"center"},"elements":[{"id":"3879a00e","settings":{"_title":"Slide #1","content_width":"full","flex_direction_mobile":"row","flex_justify_content_mobile":"center","flex_align_items_mobile":"center","margin_mobile":{"unit":"px","top":"0","right":"0","bottom":"0","left":"0","isLinked":false},"padding_mobile":{"unit":"px","top":"0","right":"0","bottom":"0","left":"0","isLinked":false},"_flex_align_self_mobile":"center"},"elements":[{"id":"3abb7275","settings":{"flex_direction":"row","flex_gap":{"unit":"px","size":0,"column":"0","row":"0"},"content_width":"full","flex_justify_content":"center","flex_align_items":"center","padding":{"unit":"px","top":"0","right":"0","bottom":"0","left":"0","isLinked":false},"min_height_mobile":{"unit":"px","size":0,"sizes":[]},"flex_gap_mobile":{"column":"0","row":"0","isLinked":false,"unit":"px","size":0},"margin_mobile":{"unit":"px","top":"0","right":"0","bottom":"0","left":"0","isLinked":false},"padding_mobile":{"unit":"px","top":"0","right":"0","bottom":"0","left":"0","isLinked":false},"_flex_align_self_mobile":"center"},"elements":[{"id":"1e62e41f","settings":{"flex_direction":"row","content_width":"full","width":{"unit":"%","size":27.85},"flex_justify_content":"center","flex_align_items":"center","padding":{"unit":"px","top":"0","right":"0","bottom":"0","left":"0","isLinked":false},"_flex_align_self":"center","_flex_size":"none","_element_width":"initial","width_mobile":{"unit":"%","size":20,"sizes":[]},"flex_align_items_mobile":"center"},"elements":[{"id":"746dcdb2","settings":{"image":{"url":"https:\/\/npc-eksamen.dk\/wp-content\/uploads\/2024\/12\/icons8-truck-100.png","id":620,"size":"","alt":"","source":"library"},"width":{"unit":"%","size":31,"sizes":[]},"_margin":{"unit":"px","top":"-7","right":"0","bottom":"0","left":"0","isLinked":false},"_flex_align_self":"center","_flex_size":"shrink","width_mobile":{"unit":"%","size":25,"sizes":[]},"_flex_align_self_mobile":"center","_flex_size_mobile":"shrink"},"elements":[],"isInner":false,"widgetType":"image","elType":"widget"}],"isInner":true,"elType":"container"},{"id":"16665bcd","settings":{"flex_direction":"column","content_width":"full","width":{"unit":"%","size":59.426},"padding":{"unit":"px","top":"0","right":"0","bottom":"0","left":"0","isLinked":false},"_flex_size":"none","_element_width":"initial","width_mobile":{"unit":"%","size":24,"sizes":[]},"flex_direction_mobile":"row","flex_justify_content_mobile":"center","flex_align_items_mobile":"center","flex_gap_mobile":{"column":"0","row":"0","isLinked":false,"unit":"px","size":0}},"elements":[{"id":"2b557c4f","settings":{"editor":"<p>Levering 1-2 dage<\/p>","typography_typography":"custom","typography_font_family":"Glober Regular","typography_font_size":{"unit":"px","size":13,"sizes":[]},"typography_font_weight":"400","_margin":{"unit":"px","top":"0","right":"0","bottom":"-3","left":"0","isLinked":false},"_padding":{"unit":"px","top":"0","right":"0","bottom":"0","left":"0","isLinked":false},"__globals__":{"text_color":"globals\/colors?id=6c69d2d"},"typography_font_size_mobile":{"unit":"px","size":11,"sizes":[]}},"elements":[],"isInner":false,"widgetType":"text-editor","elType":"widget"}],"isInner":true,"elType":"container"}],"isInner":true,"elType":"container"}],"isInner":true,"elType":"container","isLocked":true},{"id":"7a4e5105","settings":{"_title":"Slide #2","content_width":"full","flex_justify_content_mobile":"center","flex_align_items_mobile":"center","padding_mobile":{"unit":"px","top":"0","right":"0","bottom":"0","left":"0","isLinked":false},"_flex_align_self_mobile":"center"},"elements":[{"id":"3b138cb6","settings":{"flex_direction":"row","flex_gap":{"unit":"px","size":0,"column":"0","row":"0"},"content_width":"full","flex_justify_content":"center","flex_align_items":"center","padding":{"unit":"px","top":"0","right":"0","bottom":"0","left":"0","isLinked":false},"_flex_align_self_mobile":"center","_flex_size_mobile":"none"},"elements":[{"id":"4e35b607","settings":{"flex_direction":"row","content_width":"full","width":{"unit":"%","size":27.85},"flex_justify_content":"center","flex_align_items":"center","padding":{"unit":"px","top":"0","right":"0","bottom":"0","left":"0","isLinked":false},"_flex_align_self":"center","_flex_size":"none","_element_width":"initial","width_mobile":{"unit":"%","size":23,"sizes":[]}},"elements":[{"id":"586b4c34","settings":{"image":{"url":"https:\/\/npc-eksamen.dk\/wp-content\/uploads\/2024\/12\/icons8-open-delivered-box-100.png","id":621,"size":"","alt":"","source":"library"},"width":{"unit":"%","size":31,"sizes":[]},"_margin":{"unit":"px","top":"-7","right":"0","bottom":"0","left":"0","isLinked":false},"_flex_align_self":"center","_flex_size":"shrink","width_mobile":{"unit":"%","size":23,"sizes":[]},"_margin_mobile":{"unit":"px","top":"0","right":"0","bottom":"0","left":"0","isLinked":false}},"elements":[],"isInner":false,"widgetType":"image","elType":"widget"}],"isInner":true,"elType":"container"},{"id":"6ee3a649","settings":{"flex_direction":"column","content_width":"full","width":{"unit":"%","size":69.672},"padding":{"unit":"px","top":"0","right":"0","bottom":"0","left":"0","isLinked":false},"_flex_size":"none","_element_width":"initial","width_mobile":{"unit":"%","size":44,"sizes":[]}},"elements":[{"id":"53aecd88","settings":{"editor":"<p>Fri fragt fra 499 kr. eller 29 kr.<\/p>","typography_typography":"custom","typography_font_family":"Glober Regular","typography_font_size":{"unit":"px","size":13,"sizes":[]},"typography_font_weight":"400","_margin":{"unit":"px","top":"0","right":"0","bottom":"-3","left":"0","isLinked":false},"_padding":{"unit":"px","top":"0","right":"0","bottom":"0","left":"0","isLinked":false},"__globals__":{"text_color":"globals\/colors?id=6c69d2d"},"typography_font_size_mobile":{"unit":"px","size":11,"sizes":[]}},"elements":[],"isInner":false,"widgetType":"text-editor","elType":"widget"}],"isInner":true,"elType":"container"}],"isInner":true,"elType":"container"}],"isInner":true,"elType":"container","isLocked":true},{"id":"11b9105e","settings":{"_title":"Slide #3","content_width":"full"},"elements":[{"id":"5cd8ad2d","settings":{"flex_direction":"row","flex_gap":{"unit":"px","size":0,"column":"0","row":"0"},"content_width":"full","flex_justify_content":"center","flex_align_items":"center","padding":{"unit":"px","top":"0","right":"0","bottom":"0","left":"0","isLinked":false}},"elements":[{"id":"e7bc200","settings":{"flex_direction":"row","content_width":"full","width":{"unit":"%","size":27.85},"flex_justify_content":"center","flex_align_items":"center","padding":{"unit":"px","top":"0","right":"0","bottom":"0","left":"0","isLinked":false},"_flex_align_self":"center","_flex_size":"none","_element_width":"initial","width_mobile":{"unit":"%","size":20,"sizes":[]}},"elements":[{"id":"43b01a4d","settings":{"image":{"url":"https:\/\/npc-eksamen.dk\/wp-content\/uploads\/2024\/12\/icons8-product-100.png","id":622,"size":"","alt":"","source":"library"},"width":{"unit":"%","size":31,"sizes":[]},"_margin":{"unit":"px","top":"-7","right":"0","bottom":"0","left":"0","isLinked":false},"_flex_align_self":"center","_flex_size":"shrink","width_mobile":{"unit":"%","size":25,"sizes":[]}},"elements":[],"isInner":false,"widgetType":"image","elType":"widget"}],"isInner":true,"elType":"container"},{"id":"5d7ea4a5","settings":{"flex_direction":"column","content_width":"full","width":{"unit":"%","size":65.574},"padding":{"unit":"px","top":"0","right":"0","bottom":"0","left":"0","isLinked":false},"_flex_size":"none","_element_width":"initial","width_mobile":{"unit":"%","size":46,"sizes":[]}},"elements":[{"id":"5fc6de7","settings":{"editor":"<p>Fri fragt fra 99 kr. (medlem)<\/p>","typography_typography":"custom","typography_font_family":"Glober Regular","typography_font_size":{"unit":"px","size":13,"sizes":[]},"typography_font_weight":"400","_margin":{"unit":"px","top":"0","right":"0","bottom":"-3","left":"0","isLinked":false},"_padding":{"unit":"px","top":"0","right":"0","bottom":"0","left":"0","isLinked":false},"__globals__":{"text_color":"globals\/colors?id=6c69d2d"},"typography_font_size_mobile":{"unit":"px","size":11,"sizes":[]}},"elements":[],"isInner":false,"widgetType":"text-editor","elType":"widget"}],"isInner":true,"elType":"container"}],"isInner":true,"elType":"container"}],"isInner":true,"elType":"container","isLocked":true}],"isInner":false,"widgetType":"nested-carousel","elType":"widget"}],"isInner":false,"elType":"container"},{"id":"2047abb9","settings":{"flex_direction":"row","flex_gap":{"unit":"px","size":0,"column":"0","row":"0"},"flex_justify_content_mobile":"space-between","flex_align_items_mobile":"center","background_background":"classic","background_color":"#F8FDFF","padding_mobile":{"unit":"px","top":"12","right":"5","bottom":"12","left":"5","isLinked":false},"_flex_align_self_mobile":"center","hide_desktop":"hidden-desktop","hide_tablet":"hidden-tablet"},"elements":[{"id":"48b5f9bf","settings":{"flex_direction":"column","content_width":"full","width":{"unit":"%","size":"25"},"width_mobile":{"unit":"%","size":13.588},"padding_mobile":{"unit":"px","top":"0","right":"0","bottom":"0","left":"0","isLinked":false},"_flex_align_self_mobile":"center","_flex_size":"none","_element_width_mobile":"initial"},"elements":[{"id":"48a8a8cc","settings":{"icon_list":[{"text":"","selected_icon":{"value":{"url":"https:\/\/npc-eksamen.dk\/wp-content\/uploads\/2024\/12\/icons8-menu.svg","id":82},"library":"svg"},"_id":"c2d342a","__dynamic__":{"link":"[elementor-tag id=\"58d6ea2\" name=\"popup\" settings=\"%7B%22popup%22%3A%22101%22%7D\"]"}}],"link_click":"inline","space_between":{"unit":"px","size":7,"sizes":[]},"icon_align":"center","icon_size":{"unit":"px","size":27,"sizes":[]},"text_indent":{"unit":"px","size":2,"sizes":[]},"icon_self_align":"center","icon_self_vertical_align":"center","icon_typography_typography":"custom","icon_typography_font_family":"Glober Regular","icon_typography_font_size":{"unit":"px","size":20,"sizes":[]},"icon_typography_font_weight":"400","icon_typography_line_height":{"unit":"px","size":27,"sizes":[]},"text_color":"#013D36","_margin":{"unit":"px","top":"05","right":"5","bottom":"5","left":"5","isLinked":false},"_padding":{"unit":"px","top":"13","right":"8","bottom":"8","left":"8","isLinked":false},"_element_width":"initial","_element_custom_width":{"unit":"%","size":78.674},"_flex_align_self":"center","_flex_size":"none","_background_background":"classic","_border_radius":{"unit":"px","top":"7","right":"7","bottom":"7","left":"7","isLinked":true},"__globals__":{"text_color":"globals\/colors?id=text","_background_color":"globals\/colors?id=2f06e8b","_background_hover_color":"globals\/colors?id=50c0236","icon_color":""},"icon_vertical_offset":{"unit":"px","size":-3,"sizes":[]},"eael_hover_effect_filter_hover_popover":"yes","_animation":"none","_background_hover_background":"classic","icon_size_tablet":{"unit":"px","size":23,"sizes":[]},"icon_size_mobile":{"unit":"px","size":18,"sizes":[]},"icon_typography_font_size_tablet":{"unit":"px","size":17,"sizes":[]},"icon_typography_font_size_mobile":{"unit":"px","size":15,"sizes":[]},"_margin_mobile":{"unit":"px","top":"0","right":"0","bottom":"0","left":"0","isLinked":false},"_padding_mobile":{"unit":"px","top":"7","right":"0","bottom":"1","left":"6","isLinked":false},"_element_width_tablet":"initial","_element_custom_width_tablet":{"unit":"px","size":100.233}},"elements":[],"isInner":false,"widgetType":"icon-list","elType":"widget"}],"isInner":true,"elType":"container"},{"id":"3b476c64","settings":{"flex_direction":"column","content_width":"full","width":{"unit":"%","size":"50"},"width_mobile":{"unit":"%","size":33,"sizes":[]},"padding_mobile":{"unit":"px","top":"0","right":"0","bottom":"4","left":"0","isLinked":false},"_flex_align_self_mobile":"center"},"elements":[{"id":"2d528fe3","settings":{"image":{"url":"https:\/\/npc-eksamen.dk\/wp-content\/uploads\/2024\/12\/462552343_555046634141776_4591134266737153548_n-1.png","id":83,"size":"","alt":"","source":"library"},"image_size":"full","width":{"unit":"px","size":208,"sizes":[]},"width_tablet":{"unit":"px","size":"","sizes":[]},"width_mobile":{"unit":"px","size":132,"sizes":[]},"_margin":{"unit":"px","top":"0","right":"0","bottom":"0","left":"0","isLinked":true},"_padding":{"unit":"px","top":"0","right":"0","bottom":"0","left":"0","isLinked":true},"_flex_align_self":"flex-start","link_to":"custom","link":{"url":"https:\/\/npc-eksamen.dk\/","is_external":"","nofollow":"","custom_attributes":""},"_flex_align_self_mobile":"center"},"elements":[],"isInner":false,"widgetType":"image","elType":"widget"}],"isInner":true,"elType":"container"},{"id":"776e8f09","settings":{"flex_direction":"column","content_width":"full","width":{"unit":"%","size":"25"},"width_mobile":{"unit":"%","size":44.471},"padding_mobile":{"unit":"px","top":"0","right":"0","bottom":"0","left":"0","isLinked":false},"_flex_size":"none","_element_width_mobile":"initial"},"elements":[{"id":"2c20523","settings":{"flex_direction":"column","content_width":"full","width":{"unit":"%","size":"25"},"width_mobile":{"unit":"%","size":100},"flex_align_items_mobile":"flex-end","padding_mobile":{"unit":"px","top":"0","right":"0","bottom":"0","left":"0","isLinked":true},"_flex_size":"none","_element_width_mobile":"initial"},"elements":[{"id":"ca130a6","settings":{"flex_direction":"row","flex_wrap":"wrap","flex_gap":{"unit":"px","size":0,"column":"0","row":"3"},"content_width":"full","width":{"unit":"%","size":50,"sizes":[]},"flex_justify_content":"center","flex_align_items":"center","width_tablet":{"unit":"%","size":74,"sizes":[]},"width_mobile":{"unit":"%","size":100,"sizes":[]},"flex_align_items_mobile":"flex-end","padding_mobile":{"unit":"px","top":"0","right":"0","bottom":"0","left":"0","isLinked":false}},"elements":[{"id":"6adcb9cf","settings":{"flex_direction":"column","content_width":"full","width":{"unit":"%","size":"33.3333"},"padding":{"unit":"px","top":"0","right":"0","bottom":"0","left":"0","isLinked":false},"width_mobile":{"unit":"%","size":33,"sizes":[]}},"elements":[{"id":"2e123a64","settings":{"image":{"url":"https:\/\/npc-eksamen.dk\/wp-content\/uploads\/2024\/12\/icons8-earth-globe-90.png","id":86,"size":"","alt":"","source":"library"},"width":{"unit":"%","size":50,"sizes":[]},"_margin":{"unit":"px","top":"0","right":"0","bottom":"0","left":"0","isLinked":false},"_padding":{"unit":"px","top":"0","right":"0","bottom":"0","left":"0","isLinked":false}},"elements":[],"isInner":false,"widgetType":"image","elType":"widget"}],"isInner":true,"elType":"container"},{"id":"774845ff","settings":{"flex_direction":"column","content_width":"full","width":{"unit":"%","size":"33.3333"},"padding":{"unit":"px","top":"0","right":"0","bottom":"0","left":"0","isLinked":false},"width_mobile":{"unit":"%","size":33,"sizes":[]},"padding_mobile":{"unit":"px","top":"0","right":"0","bottom":"0","left":"0","isLinked":false}},"elements":[{"id":"109a7467","settings":{"image":{"url":"https:\/\/npc-eksamen.dk\/wp-content\/uploads\/2024\/12\/icons8-test-account-90-2.png","id":85,"size":"","alt":"","source":"library"},"image_size":"full","width":{"unit":"%","size":50,"sizes":[]},"width_mobile":{"unit":"%","size":53,"sizes":[]},"link_to":"custom","link":{"url":"\/log-ind","is_external":"","nofollow":"","custom_attributes":""}},"elements":[],"isInner":false,"widgetType":"image","elType":"widget"}],"isInner":true,"elType":"container"},{"id":"6f5a15c","settings":{"flex_direction":"column","content_width":"full","width":{"unit":"%","size":"33.3333"},"padding":{"unit":"px","top":"0","right":"0","bottom":"0","left":"0","isLinked":false},"flex_justify_content":"center","flex_align_items":"center","_flex_align_self":"center","width_mobile":{"unit":"%","size":33,"sizes":[]},"margin_mobile":{"unit":"px","top":"0","right":"0","bottom":"-5","left":"0","isLinked":false}},"elements":[{"id":"75b996b8","settings":{"hide_empty_indicator":"hide","show_subtotal":"","alignment":"center","remove_item_button_position":"top","price_quantity_position":"bottom","toggle_button_border_width":{"unit":"px","size":0,"sizes":[]},"toggle_icon_size":{"unit":"px","size":23,"sizes":[]},"toggle_button_padding":{"unit":"px","top":"0","right":"0","bottom":"0","left":"0","isLinked":false},"items_indicator_distance":{"unit":"px","size":10,"sizes":[]},"__globals__":{"toggle_button_icon_color":"globals\/colors?id=text","product_title_color":"globals\/colors?id=6c69d2d","divider_color":"globals\/colors?id=6c69d2d","product_price_color":"globals\/colors?id=secondary","view_cart_button_background_color":"globals\/colors?id=3d62394","view_cart_button_text_color":"globals\/colors?id=6c69d2d","view_cart_button_hover_text_color":"globals\/colors?id=3d62394","view_cart_button_hover_background":"globals\/colors?id=6c69d2d","checkout_button_background_color":"globals\/colors?id=secondary","checkout_button_hover_background":"globals\/colors?id=d25cd4d","checkout_border_color":"globals\/colors?id=secondary"},"automatically_open_cart":"yes","product_title_typography_typography":"custom","product_title_typography_font_family":"Glober Regular","product_title_typography_font_size":{"unit":"px","size":15,"sizes":[]},"product_title_typography_font_weight":"400","product_price_typography_typography":"custom","product_price_typography_font_family":"Glober Regular","product_price_typography_font_weight":"400","product_quantity_typography_typography":"custom","product_quantity_typography_font_family":"Glober Regular","divider_width":{"unit":"px","size":1,"sizes":[]},"view_cart_border_border":"solid","view_cart_border_width":{"unit":"px","top":"1","right":"1","bottom":"1","left":"1","isLinked":true},"view_cart_button_border_radius":{"unit":"px","top":"11","right":"11","bottom":"11","left":"11","isLinked":true},"view_cart_button_padding":{"unit":"px","top":"015","right":"0","bottom":"15","left":"0","isLinked":false},"cart_checkout_button_typography_typography":"custom","cart_checkout_button_typography_font_family":"Glober Regular","cart_checkout_button_typography_font_weight":"400","checkout_border_border":"solid","checkout_border_width":{"unit":"px","top":"1","right":"1","bottom":"1","left":"1","isLinked":true},"view_checkout_button_border_radius":{"unit":"px","top":"11","right":"11","bottom":"11","left":"11","isLinked":true},"cart_empty_message_typography_typography":"custom","cart_empty_message_typography_font_family":"Glober Regular","cart_empty_message_typography_font_weight":"400","toggle_icon_size_mobile":{"unit":"px","size":21,"sizes":[]},"hide_desktop":"hidden-desktop","hide_tablet":"hidden-tablet","hide_mobile":"hidden-mobile"},"elements":[],"isInner":false,"widgetType":"woocommerce-menu-cart","elType":"widget"},{"id":"9030d08","settings":{"shortcode":"[fk_cart_menu]"},"elements":[],"isInner":false,"widgetType":"shortcode","elType":"widget"}],"isInner":true,"elType":"container"},{"id":"28e90385","settings":{"flex_direction":"column","width":{"unit":"%","size":"33.3333"},"padding":{"unit":"px","top":"0","right":"0","bottom":"0","left":"0","isLinked":false},"width_mobile":{"unit":"%","size":34,"sizes":[]},"min_height_mobile":{"unit":"px","size":0,"sizes":[]},"flex_justify_content_mobile":"flex-start","content_width":"full","boxed_width_mobile":{"unit":"px","size":500,"sizes":[]}},"elements":[{"id":"5e16aa17","settings":{"menu_name":"Menu","menu":"lande-menu","toggle":"","menu_typography_typography":"custom","menu_typography_font_family":"Glober True","menu_typography_font_size_mobile":{"unit":"px","size":12,"sizes":[]},"menu_typography_font_weight":"400","menu_typography_line_height_mobile":{"unit":"em","size":0.1,"sizes":[]},"padding_horizontal_menu_item_mobile":{"unit":"px","size":17,"sizes":[]},"padding_vertical_menu_item_mobile":{"unit":"px","size":0,"sizes":[]},"menu_space_between_mobile":{"unit":"px","size":0,"sizes":[]},"dropdown_typography_typography":"custom","dropdown_typography_font_family":"Glober True","dropdown_typography_font_size_mobile":{"unit":"px","size":12,"sizes":[]},"dropdown_typography_font_weight":"400","_element_width_mobile":"inherit","__globals__":{"color_menu_item_hover":"globals\/colors?id=primary","pointer_color_menu_item_hover":"globals\/colors?id=primary","color_menu_item_active":"globals\/colors?id=primary","pointer_color_menu_item_active":"globals\/colors?id=primary","color_dropdown_item_active":"globals\/colors?id=primary","background_color_dropdown_item_active":"globals\/colors?id=c762090","color_menu_item":"","background_color_dropdown_item":"","background_color_dropdown_item_hover":"","color_dropdown_item_hover":""},"align_items":"center","dropdown":"none","_flex_align_self_mobile":"center","dropdown_border_border":"none","menu_id":37},"elements":[],"isInner":false,"widgetType":"nav-menu","elType":"widget"}],"isInner":true,"elType":"container"},{"id":"8ea71bf","settings":{"flex_direction":"column","content_width":"full","width":{"unit":"%","size":"33.3333"},"padding":{"unit":"px","top":"0","right":"0","bottom":"0","left":"0","isLinked":false},"width_mobile":{"unit":"%","size":33,"sizes":[]}},"elements":[{"id":"9622107","settings":{"editor":"<p><a href=\"\/log-ind\"><span style=\"color: #013d36;\">Log ind<\/span><\/a><\/p>","align":"center","typography_typography":"custom","typography_font_family":"Glober True","typography_font_size":{"unit":"px","size":12,"sizes":[]},"typography_font_weight":"400","text_color":"#013D36"},"elements":[],"isInner":false,"widgetType":"text-editor","elType":"widget"}],"isInner":true,"elType":"container"},{"id":"311a2330","settings":{"flex_direction":"column","content_width":"full","width":{"unit":"%","size":"33.3333"},"padding":{"unit":"px","top":"0","right":"0","bottom":"0","left":"0","isLinked":false},"width_mobile":{"unit":"%","size":33,"sizes":[]}},"elements":[{"id":"e7200e3","settings":{"editor":"<p>Kurv<\/p>","align":"center","typography_typography":"custom","typography_font_family":"Glober Regular","typography_font_size":{"unit":"px","size":12,"sizes":[]},"typography_font_weight":"400"},"elements":[],"isInner":false,"widgetType":"text-editor","elType":"widget"}],"isInner":true,"elType":"container"}],"isInner":true,"elType":"container"}],"isInner":true,"elType":"container"}],"isInner":true,"elType":"container"}],"isInner":false,"elType":"container"},{"id":"5d415fd9","settings":{"background_background":"classic","background_color":"#F8FDFF","hide_desktop":"hidden-desktop","hide_tablet":"hidden-tablet"},"elements":[{"id":"28566616","settings":{"search_input_placeholder_text":"S\u00f8g efter produkter eller artikler","submit_trigger":"key_enter","submit_button_text":"","nothing_found_message_text":"It seems we can\u2019t find what you\u2019re looking for.","pagination_prev_label":"Previous","pagination_next_label":"Next","icon_search":{"value":"fas fa-search","library":"fa-solid"},"search_field_background_normal_background":"classic","search_field_border_normal_border":"solid","search_field_border_normal_width":{"unit":"px","top":"1","right":"1","bottom":"1","left":"1","isLinked":true},"search_field_search_input_transition":{"unit":"s","size":0,"sizes":[]},"search_field_border_radius":{"unit":"px","top":"16","right":"16","bottom":"16","left":"16","isLinked":true},"search_field_icon_label_size":{"unit":"px","size":20,"sizes":[]},"search_field_icon_gap":{"unit":"px","size":12,"sizes":[]},"search_field_submit_gap":{"unit":"px","size":0,"sizes":[]},"icon_clear_size":{"unit":"px","size":0,"sizes":[]},"__globals__":{"placeholder_color":"globals\/colors?id=6c69d2d","search_field_icon_search_normal_color_normal":"globals\/colors?id=6c69d2d","search_field_border_normal_color":"globals\/colors?id=6c69d2d","search_field_input_text_color_normal":"globals\/colors?id=6c69d2d","search_field_background_normal_color":"globals\/colors?id=3d62394"},"search_field_border_normal_color":"#545454","_flex_align_self":"stretch","_flex_order":"end","search_field_padding_mobile":{"unit":"px","top":"10","right":"10","bottom":"10","left":"10","isLinked":true},"search_field_typography_typography":"custom","search_field_typography_font_family":"Glober True","search_field_typography_font_size_mobile":{"unit":"px","size":12,"sizes":[]}},"elements":[],"isInner":false,"widgetType":"search","elType":"widget"}],"isInner":false,"elType":"container"},{"id":"6e52040e","settings":{"flex_direction":"row","content_width":"full","min_height":{"unit":"px","size":0,"sizes":[]},"background_background":"classic","margin":{"unit":"px","top":"0","right":"0","bottom":"0","left":"0","isLinked":false},"padding":{"unit":"px","top":"0","right":"0","bottom":"0","left":"0","isLinked":false},"_flex_align_self":"center"},"elements":[{"id":"6438aea9","settings":{"carousel_items":[{"slide_title":"Slide #1","_id":"701c4c2"},{"slide_title":"Slide #2","_id":"fb87f94"}],"slides_to_show":"1","equal_height":"","arrows":"","pagination":"","content_padding":{"unit":"px","top":"0","right":"0","bottom":"0","left":"0","isLinked":false},"_margin":{"unit":"px","top":"0","right":"0","bottom":"0","left":"0","isLinked":false},"_padding":{"unit":"px","top":"0","right":"0","bottom":"0","left":"0","isLinked":false},"autoplay_speed":7000},"elements":[{"id":"7f08eade","settings":{"_title":"Slide #1","background_background":"classic","background_color":"#013D36","margin":{"unit":"px","top":"0","right":"0","bottom":"0","left":"0","isLinked":false},"padding":{"unit":"px","top":"20","right":"0","bottom":"20","left":"0","isLinked":false},"__globals__":{"background_color":""},"padding_mobile":{"unit":"px","top":"15","right":"15","bottom":"15","left":"15","isLinked":true}},"elements":[{"id":"4caeb1b","settings":{"flex_direction":"row","content_width":"full","flex_justify_content":"center","margin":{"unit":"px","top":"0","right":"0","bottom":"0","left":"0","isLinked":false},"padding":{"unit":"px","top":"0","right":"0","bottom":"0","left":"0","isLinked":false},"background_background":"classic","__globals__":{"background_color":""}},"elements":[{"id":"613f796d","settings":{"editor":"<p>Spar op til 40% p\u00e5 Black <strong>Week - Shop her<\/strong><\/p>","align":"center","typography_typography":"custom","typography_font_family":"Glober True","typography_font_weight":"400","_flex_align_self":"center","__globals__":{"text_color":"globals\/colors?id=3d62394"},"typography_font_size_mobile":{"unit":"px","size":13,"sizes":[]}},"elements":[],"isInner":false,"widgetType":"text-editor","elType":"widget"}],"isInner":true,"elType":"container"}],"isInner":true,"elType":"container","isLocked":true},{"id":"2b410920","settings":{"_title":"Slide #2","content_width":"full","margin":{"unit":"px","top":"0","right":"0","bottom":"0","left":"0","isLinked":false},"padding":{"unit":"px","top":"0","right":"0","bottom":"0","left":"0","isLinked":false}},"elements":[{"id":"70742865","settings":{"flex_direction":"column","content_width":"full","background_background":"classic","margin":{"unit":"px","top":"0","right":"0","bottom":"0","left":"0","isLinked":false},"padding":{"unit":"px","top":"20","right":"0","bottom":"20","left":"0","isLinked":false},"__globals__":{"background_color":"globals\/colors?id=accent"},"padding_mobile":{"unit":"px","top":"15","right":"15","bottom":"15","left":"15","isLinked":true}},"elements":[{"id":"71f5ea96","settings":{"editor":"<p>Popul\u00e6re produkter til st\u00e6rkt nedsatte priser<\/p>","align":"center","typography_typography":"custom","typography_font_family":"Glober Regular","typography_font_weight":"600","_background_background":"classic","__globals__":{"_background_color":"","text_color":"globals\/colors?id=6c69d2d"},"typography_font_size_mobile":{"unit":"px","size":13,"sizes":[]},"_margin_mobile":{"unit":"px","top":"0","right":"0","bottom":"0","left":"0","isLinked":false},"_padding_mobile":{"unit":"px","top":"0","right":"0","bottom":"0","left":"0","isLinked":false}},"elements":[],"isInner":false,"widgetType":"text-editor","elType":"widget"}],"isInner":true,"elType":"container"}],"isInner":true,"elType":"container","isLocked":true}],"isInner":false,"widgetType":"nested-carousel","elType":"widget"}],"isInner":false,"elType":"container"}],"settings":[],"metadata":[]}