{"content":[{"id":"fbd77f9","settings":{"background_background":"classic","border_radius":{"unit":"px","top":"16","right":"16","bottom":"16","left":"16","isLinked":true},"box_shadow_box_shadow_type":"yes","box_shadow_box_shadow":{"horizontal":0,"vertical":2,"blur":4,"spread":4,"color":"rgba(0, 0, 0, 0.05)"},"padding":{"unit":"px","top":"25","right":"25","bottom":"25","left":"25","isLinked":true},"__globals__":{"background_color":"globals\/colors?id=3d62394"},"min_height":{"unit":"px","size":392,"sizes":[]},"width":{"unit":"%","size":100,"sizes":[]},"flex_align_items":"flex-start","flex_gap":{"column":"30","row":"30","isLinked":true,"unit":"px","size":30},"margin_mobile":{"unit":"px","top":"0","right":"0","bottom":"0","left":"0","isLinked":true},"padding_mobile":{"unit":"px","top":"25","right":"25","bottom":"25","left":"25","isLinked":true},"flex_justify_content":"space-evenly"},"elements":[{"id":"66bb96c6","settings":{"__dynamic__":{"image":"[elementor-tag id=\"\" name=\"post-featured-image\" settings=\"%7B%22fallback%22%3A%7B%22url%22%3A%22%22%2C%22id%22%3A%22%22%2C%22size%22%3A%22%22%7D%7D\"]","link":"[elementor-tag id=\"98a5013\" name=\"post-url\" settings=\"%7B%7D\"]"},"width":{"unit":"%","size":65,"sizes":[]},"link_to":"custom"},"elements":[],"isInner":false,"widgetType":"theme-post-featured-image","elType":"widget"},{"id":"6a5acf79","settings":{"title":"Add Your Heading Text Here","__dynamic__":{"title":"[elementor-tag id=\"9a2f912\" name=\"woocommerce-product-terms-tag\" settings=\"%7B%22separator%22%3A%22%2C%20%22%2C%22before%22%3A%22%22%7D\"]"},"_padding":{"unit":"px","top":"0","right":"0","bottom":"0","left":"0","isLinked":false},"__globals__":{"title_color":"globals\/colors?id=6c69d2d"},"typography_typography":"custom","typography_font_family":"Glober True","typography_font_size":{"unit":"px","size":22,"sizes":[]},"typography_font_weight":"600","_margin":{"unit":"px","top":"0","right":"0","bottom":"-30","left":"0","isLinked":false},"_background_color_stop_tablet":{"unit":"%","size":"","sizes":[]},"_background_color_stop_mobile":{"unit":"%","size":"","sizes":[]},"_background_color_b_stop_tablet":{"unit":"%","size":"","sizes":[]},"_background_color_b_stop_mobile":{"unit":"%","size":"","sizes":[]},"_background_gradient_angle_tablet":{"unit":"deg","size":"","sizes":[]},"_background_gradient_angle_mobile":{"unit":"deg","size":"","sizes":[]},"_background_gradient_position_tablet":"center center","_background_gradient_position_mobile":"center center","_background_hover_color_stop_tablet":{"unit":"%","size":"","sizes":[]},"_background_hover_color_stop_mobile":{"unit":"%","size":"","sizes":[]},"_background_hover_color_b_stop_tablet":{"unit":"%","size":"","sizes":[]},"_background_hover_color_b_stop_mobile":{"unit":"%","size":"","sizes":[]},"_background_hover_gradient_angle_tablet":{"unit":"deg","size":"","sizes":[]},"_background_hover_gradient_angle_mobile":{"unit":"deg","size":"","sizes":[]},"_background_hover_gradient_position_tablet":"center center","_background_hover_gradient_position_mobile":"center center"},"elements":[],"isInner":false,"widgetType":"heading","elType":"widget"},{"id":"45edf09c","settings":{"__dynamic__":{"title":"[elementor-tag id=\"\" name=\"woocommerce-product-title-tag\" settings=\"%7B%22product_id%22%3Afalse%2C%22before%22%3A%22%22%2C%22after%22%3A%22%22%2C%22fallback%22%3A%22%22%7D\"]","link":"[elementor-tag id=\"c01a48b\" name=\"post-url\" settings=\"%7B%7D\"]"},"title":"Add Your Heading Text Here","title_color":"#000000","typography_typography":"custom","typography_font_family":"Glober Regular","typography_font_size":{"unit":"px","size":18,"sizes":[]},"typography_font_weight":"400","_margin":{"unit":"px","top":"-10","right":"0","bottom":"0","left":"0","isLinked":false},"_margin_mobile":{"unit":"px","top":"-10","right":"0","bottom":"0","left":"0","isLinked":false}},"elements":[],"isInner":false,"widgetType":"woocommerce-product-title","elType":"widget"},{"id":"4f8b2682","settings":{"content_width":"full","flex_direction":"row","flex_justify_content":"flex-start","width_mobile":{"unit":"%","size":100,"sizes":[]},"boxed_width_mobile":{"unit":"px","size":552,"sizes":[]},"flex_wrap_mobile":"nowrap","flex_align_content_mobile":"flex-start","margin_mobile":{"unit":"px","top":"0","right":"0","bottom":"0","left":"0","isLinked":false},"padding_mobile":{"unit":"px","top":"0","right":"0","bottom":"0","left":"0","isLinked":true},"padding":{"unit":"px","top":"0","right":"0","bottom":"0","left":"0","isLinked":false}},"elements":[{"id":"6067e182","settings":{"content_width":"full","flex_direction":"row","padding":{"unit":"px","top":"0","right":"0","bottom":"0","left":"0","isLinked":false},"flex_align_items":"center","width":{"unit":"%","size":100,"sizes":[]},"boxed_width":{"unit":"px","size":1600,"sizes":[]},"_title":"Container","width_mobile":{"unit":"%","size":100,"sizes":[]},"flex_direction_mobile":"column","margin_mobile":{"unit":"px","top":"0","right":"0","bottom":"0","left":"0","isLinked":false}},"elements":[{"id":"3e9f7977","settings":{"text_align":"left","typography_typography":"custom","typography_font_family":"Glober True","typography_font_size":{"unit":"px","size":16,"sizes":[]},"typography_font_weight":"400","sale_price_typography_typography":"custom","sale_price_typography_font_family":"Glober True","sale_price_typography_font_size":{"unit":"px","size":16,"sizes":[]},"_element_width":"inherit","_element_custom_width":{"unit":"%","size":60},"_flex_size":"none","__globals__":{"sale_price_color":"globals\/colors?id=secondary","price_color":""},"price_color":"#545454","sale_price_color":"#F88530","sale_price_spacing":{"unit":"px","size":0,"sizes":[]},"price_block":"yes"},"elements":[],"isInner":false,"widgetType":"woocommerce-product-price","elType":"widget"}],"isInner":true,"elType":"container"},{"id":"6ec30451","settings":{"content_width":"full","width":{"unit":"%","size":50,"sizes":[]},"margin":{"unit":"px","top":"0","right":"0","bottom":"0","left":"0","isLinked":false},"padding":{"unit":"px","top":"0","right":"0","bottom":"0","left":"0","isLinked":false},"flex_align_items":"flex-end"},"elements":[{"id":"38cd0dbb","settings":{"button_border_radius":{"unit":"px","top":"0","right":"0","bottom":"0","left":"0","isLinked":true},"button_padding":{"unit":"px","top":"0","right":"0","bottom":"0","left":"0","isLinked":true},"button_bg_color":"#000000","spacing":{"unit":"px","size":0,"sizes":[]},"quantity_typography_typography":"custom","quantity_typography_font_family":"Glober Regular","quantity_typography_font_size":{"unit":"px","size":18,"sizes":[]},"quantity_typography_line_height":{"unit":"px","size":26,"sizes":[]},"__globals__":{"quantity_bg_color":"","quantity_border_color":"","button_bg_color":"","button_bg_color_hover":"globals\/colors?id=52b0a28"},"alignment":"left","view_cart_spacing":{"unit":"px","size":0,"sizes":[]},"show_quantity":"","variations_width":{"unit":"%","size":0,"sizes":[]},"variations_spacing":{"unit":"px","size":0,"sizes":[]},"variations_space_between":{"unit":"px","size":0,"sizes":[]},"variations_select_border_radius":{"unit":"px","size":0,"sizes":[]},"button_typography_typography":"custom","button_typography_font_family":"Glober True","button_typography_font_weight":"600","button_typography_line_height":{"unit":"em","size":"","sizes":[]},"button_typography_word_spacing":{"unit":"em","size":"","sizes":[]},"button_text_color":"#FFFFFF","view_cart_color":"#000000","view_cart_typography_typography":"custom","view_cart_typography_font_family":"Glober True","view_cart_typography_font_weight":"500","view_cart_typography_line_height":{"unit":"em","size":"","sizes":[]},"view_cart_typography_word_spacing":{"unit":"em","size":"","sizes":[]},"quantity_typography_word_spacing":{"unit":"em","size":"","sizes":[]},"variations_label_typography_line_height":{"unit":"em","size":"","sizes":[]},"variations_label_typography_word_spacing":{"unit":"em","size":"","sizes":[]},"variations_select_typography_line_height":{"unit":"em","size":"","sizes":[]},"variations_select_typography_word_spacing":{"unit":"em","size":"","sizes":[]},"_margin":{"unit":"px","top":"0","right":"0","bottom":"0","left":"0","isLinked":true},"_padding":{"unit":"px","top":"0","right":"0","bottom":"0","left":"0","isLinked":true},"_element_id":"txt","_css_classes":"custom-add-to-cart-button","_background_color_stop_tablet":{"unit":"%","size":"","sizes":[]},"_background_color_stop_mobile":{"unit":"%","size":"","sizes":[]},"_background_color_b_stop_tablet":{"unit":"%","size":"","sizes":[]},"_background_color_b_stop_mobile":{"unit":"%","size":"","sizes":[]},"_background_gradient_angle_tablet":{"unit":"deg","size":"","sizes":[]},"_background_gradient_angle_mobile":{"unit":"deg","size":"","sizes":[]},"_background_gradient_position_tablet":"center center","_background_gradient_position_mobile":"center center","_background_hover_color_stop_tablet":{"unit":"%","size":"","sizes":[]},"_background_hover_color_stop_mobile":{"unit":"%","size":"","sizes":[]},"_background_hover_color_b_stop_tablet":{"unit":"%","size":"","sizes":[]},"_background_hover_color_b_stop_mobile":{"unit":"%","size":"","sizes":[]},"_background_hover_gradient_angle_tablet":{"unit":"deg","size":"","sizes":[]},"_background_hover_gradient_angle_mobile":{"unit":"deg","size":"","sizes":[]},"_background_hover_gradient_position_tablet":"center center","_background_hover_gradient_position_mobile":"center center","custom_css":"button.shopengine_add_to_list_action.shopengine-wishlist.badge{\ndisplay: none!important;\n}\n\na.shopengine_comparison_add_to_list_action.shopengine-comparison.badge {\n    display: none!important;\n}\n\ninput.input-text.qty.text{\n    width: 32px!important;\n    height: 32px!important;\n\n    \n}\n\n\n\n#txt span.elementor-button-text{\n\n}\n\n.elementor-784 .elementor-element.elementor-element-cb1e143 .cart button, .elementor-784 .elementor-element.elementor-element-cb1e143 .cart .button{\n        background-image: url(https:\/\/npc-eksamen.dk\/wp-content\/uploads\/2024\/12\/icons8-add-to-basket-96.png)!important;\n    background-size: contain!important;\n    background-repeat: no-repeat!important;\n    color: transparent!important;\n    background-color: transparent!important;\n    width: 60px!important;\n    height: 38px!important;\n    background-color: #33B1A3!important;\n    border-radius: 11px!important;\n  background-position: center;\n  \n    \n}\n\n\n\n.shopengine-wishlist.badge{\n    display: none!important;\n}\n\n.shopengine-icon-quick_view_1{\n    display: none!important\n}\n\na.added_to_cart.wc-forward{\n    display: none!important;\n}\n\n.elementor-784 .elementor-element.elementor-element-cb1e143 .cart button, .elementor-784 .elementor-element.elementor-element-cb1e143 .cart .button:hover{\n    background-color: #013D36 !important;\n}\n"},"elements":[],"isInner":false,"widgetType":"woocommerce-product-add-to-cart","elType":"widget"}],"isInner":true,"elType":"container"}],"isInner":true,"elType":"container"}],"isInner":false,"elType":"container"}],"settings":{"eael_ext_toc_title":"Table of Contents","preview_id":"648","preview_width_mobile":{"unit":"px","size":322,"sizes":[]}},"metadata":[]}