{"content":[{"id":"d952363","settings":{"width":{"unit":"%","size":100,"sizes":[]},"flex_gap":{"column":"","row":"","isLinked":true,"unit":"px","size":null},"margin":{"unit":"px","top":"0","right":"0","bottom":"0","left":"0","isLinked":false},"padding":{"unit":"px","top":"0","right":"80","bottom":"0","left":"80","isLinked":false},"padding_mobile":{"unit":"px","top":"0","right":"0","bottom":"0","left":"0","isLinked":false}},"elements":[{"id":"24353a04","settings":{"_skin":"product","template_id":"784","columns":4,"alternate_templates":[{"template_id":null,"_id":"e7967ec"}],"product_query_post_type":"current_query","pagination_page_limit":"5","pagination_prev_label":"Previous","pagination_next_label":"Next","text":"Load More","load_more_no_posts_custom_message":"No more posts to show","nothing_found_message_text":"It seems we can\u2019t find what you\u2019re looking for.","_padding":{"unit":"px","top":"50","right":"50","bottom":"50","left":"50","isLinked":true}},"elements":[],"isInner":false,"widgetType":"loop-grid","elType":"widget"}],"isInner":false,"elType":"container"}],"settings":{"eael_ext_toc_title":"Table of Contents"},"metadata":[]}