{"content":[],"settings":{"template":"default","system_colors":[{"_id":"primary","title":"Primary","color":"#009786"},{"_id":"secondary","title":"Secondary","color":"#F88530"},{"_id":"text","title":"Text","color":"#013D36"},{"_id":"accent","title":"Accent","color":"#99D5CF"}],"custom_colors":[{"_id":"52b0a28","title":"Gr\u00f8n\/700","color":"#013D36"},{"_id":"88aa344","title":"Gr\u00f8n\/500","color":"#009786"},{"_id":"50c0236","title":"Gr\u00f8n\/300","color":"#99D5CF"},{"_id":"2f06e8b","title":"Gr\u00f8n\/100","color":"#E6F5F3"},{"_id":"6c69d2d","title":"Gr\u00e5\/500","color":"#545454"},{"_id":"a02866c","title":"Gr\u00e5\/100","color":"#F2F2F2"},{"_id":"d25cd4d","title":"Orange\/700","color":"#A95110"},{"_id":"d279380","title":"Orange\/500","color":"#F88530"},{"_id":"cb7c1e4","title":"Orange\/100","color":"#FEE7D6"},{"_id":"3d62394","title":"Gr\u00e5\/ 0","color":"#FFFFFF"},{"_id":"c762090","title":"Gr\u00f8n \/ 50","color":"#F8FDFF"},{"_id":"15ecab4","title":"Gr\u00e5 250","color":"#B7B7B7"},{"_id":"1557ca2","title":"Gr\u00e5 200","color":"#E8E8E8"}],"system_typography":[{"_id":"primary","title":"Primary","typography_typography":"custom","typography_font_family":"Glober True","typography_font_weight":"400"},{"_id":"secondary","title":"Secondary","typography_typography":"custom","typography_font_family":"Glober True","typography_font_weight":"400"},{"_id":"text","title":"Text","typography_typography":"custom","typography_font_family":"Glober True","typography_font_weight":"400"},{"_id":"accent","title":"Accent","typography_typography":"custom","typography_font_family":"Glober True","typography_font_weight":"500"}],"custom_typography":[],"default_generic_fonts":"Sans-serif","page_title_selector":"h1.entry-title","activeItemIndex":1,"viewport_md":768,"viewport_lg":1025,"typography_enable_styleguide_preview":"yes","colors_enable_styleguide_preview":"yes","woocommerce_purchase_summary_page_id":false,"body_background_background":"classic","__globals__":{"body_background_color":"globals\/colors?id=c762090","mobile_browser_background":"globals\/colors?id=c762090"},"woocommerce_cart_page_id":"224","woocommerce_checkout_page_id":"225","woocommerce_myaccount_page_id":"226","woocommerce_terms_page_id":"","woocommerce_shop_page_id":"223"},"metadata":[]}