[{"term_id":21,"name":"Hovedmenu","slug":"hovedmenu","taxonomy":"nav_menu","description":"","parent":0},{"term_id":37,"name":"Lande menu","slug":"lande-menu","taxonomy":"nav_menu","description":"","parent":0},{"term_id":22,"name":"Log ind","slug":"log-ind","taxonomy":"nav_menu","description":"","parent":0},{"term_id":20,"name":"\u00d8verste menu","slug":"overste-menu","taxonomy":"nav_menu","description":"","parent":0},{"term_id":33,"name":"undermenu-kosttilskud","slug":"undermenu-kosttilskud","taxonomy":"nav_menu","description":"","parent":0}]