[{"term_id":19,"name":"Alle","slug":"uncategorized","taxonomy":"product_cat","description":"","parent":0},{"term_id":27,"name":"Dafi","slug":"dafi","taxonomy":"product_cat","description":"","parent":0},{"term_id":34,"name":"DFI","slug":"dfi","taxonomy":"product_cat","description":"","parent":0},{"term_id":32,"name":"Meraki","slug":"meraki","taxonomy":"product_cat","description":"","parent":0},{"term_id":35,"name":"Nordic Naturals","slug":"nordic-naturals","taxonomy":"product_cat","description":"","parent":0},{"term_id":30,"name":"Solaray","slug":"solaray","taxonomy":"product_cat","description":"","parent":0},{"term_id":36,"name":"Thealoz Duo","slug":"thealoz-duo","taxonomy":"product_cat","description":"","parent":0}]