[{"term_id":11,"name":"exclude-from-catalog","slug":"exclude-from-catalog","taxonomy":"product_visibility","description":"","parent":0},{"term_id":10,"name":"exclude-from-search","slug":"exclude-from-search","taxonomy":"product_visibility","description":"","parent":0},{"term_id":12,"name":"featured","slug":"featured","taxonomy":"product_visibility","description":"","parent":0},{"term_id":13,"name":"outofstock","slug":"outofstock","taxonomy":"product_visibility","description":"","parent":0},{"term_id":14,"name":"rated-1","slug":"rated-1","taxonomy":"product_visibility","description":"","parent":0},{"term_id":15,"name":"rated-2","slug":"rated-2","taxonomy":"product_visibility","description":"","parent":0},{"term_id":16,"name":"rated-3","slug":"rated-3","taxonomy":"product_visibility","description":"","parent":0},{"term_id":17,"name":"rated-4","slug":"rated-4","taxonomy":"product_visibility","description":"","parent":0},{"term_id":18,"name":"rated-5","slug":"rated-5","taxonomy":"product_visibility","description":"","parent":0}]